county,yearly,weekly,daily,mae,rmse,mape,r2,time
Riverside CA,2,2,5,9.531,14.275,1.835,0.899,3.044
Riverside CA,2,2,6,9.517,14.259,1.833,0.899,2.867
Riverside CA,2,2,7,9.513,14.256,1.832,0.899,3.091
Riverside CA,2,2,8,9.504,14.245,1.83,0.899,3.311
Riverside CA,2,2,9,9.506,14.245,1.83,0.899,3.56
Riverside CA,2,2,10,9.505,14.244,1.83,0.899,3.78
Riverside CA,2,2,11,9.504,14.243,1.83,0.899,4.079
Riverside CA,2,2,12,9.504,14.243,1.83,0.899,4.385
Riverside CA,2,3,5,9.544,14.256,1.837,0.899,3.016
Riverside CA,2,3,6,9.529,14.241,1.834,0.899,3.28
Riverside CA,2,3,7,9.523,14.238,1.833,0.899,3.607
Riverside CA,2,3,8,9.521,14.229,1.833,0.899,3.868
Riverside CA,2,3,9,9.521,14.229,1.833,0.899,4.225
Riverside CA,2,3,10,9.519,14.229,1.832,0.899,4.63
Riverside CA,2,3,11,9.517,14.229,1.832,0.899,4.946
Riverside CA,2,3,12,9.518,14.228,1.832,0.899,5.291
Riverside CA,2,4,5,9.584,14.288,1.845,0.899,3.423
Riverside CA,2,4,6,9.564,14.272,1.842,0.899,3.732
Riverside CA,2,4,7,9.559,14.269,1.841,0.899,4.114
Riverside CA,2,4,8,9.553,14.26,1.839,0.899,4.593
Riverside CA,2,4,9,9.554,14.26,1.839,0.899,4.965
Riverside CA,2,4,10,9.553,14.26,1.839,0.899,5.414
Riverside CA,2,4,11,9.552,14.26,1.839,0.899,5.873
Riverside CA,2,4,12,9.553,14.259,1.839,0.899,6.314
Riverside CA,3,2,5,9.184,13.965,1.77,0.903,3.026
Riverside CA,3,2,6,9.174,13.944,1.768,0.903,3.287
Riverside CA,3,2,7,9.168,13.939,1.767,0.904,3.603
Riverside CA,3,2,8,9.161,13.927,1.765,0.904,3.889
Riverside CA,3,2,9,9.16,13.925,1.765,0.904,4.246
Riverside CA,3,2,10,9.156,13.924,1.764,0.904,4.618
Riverside CA,3,2,11,9.152,13.923,1.763,0.904,4.945
Riverside CA,3,2,12,9.153,13.923,1.764,0.904,5.317
Riverside CA,3,3,5,9.164,13.94,1.765,0.904,3.47
Riverside CA,3,3,6,9.15,13.92,1.762,0.904,3.772
Riverside CA,3,3,7,9.139,13.915,1.76,0.904,4.174
Riverside CA,3,3,8,9.13,13.903,1.758,0.904,4.658
Riverside CA,3,3,9,9.127,13.902,1.758,0.904,5.025
Riverside CA,3,3,10,9.124,13.901,1.757,0.904,5.732
Riverside CA,3,3,11,9.119,13.9,1.756,0.904,6.175
Riverside CA,3,3,12,9.119,13.9,1.756,0.904,6.303
Riverside CA,3,4,5,9.22,13.997,1.776,0.903,3.87
Riverside CA,3,4,6,9.205,13.976,1.773,0.903,4.359
Riverside CA,3,4,7,9.198,13.971,1.772,0.903,4.853
Riverside CA,3,4,8,9.189,13.96,1.77,0.903,5.309
Riverside CA,3,4,9,9.185,13.958,1.769,0.903,5.85
Riverside CA,3,4,10,9.182,13.958,1.769,0.903,6.42
Riverside CA,3,4,11,9.179,13.957,1.768,0.903,6.981
Riverside CA,3,4,12,9.181,13.956,1.768,0.903,7.572
Riverside CA,4,2,5,8.498,12.982,1.639,0.916,3.41
Riverside CA,4,2,6,8.477,12.964,1.635,0.917,3.706
Riverside CA,4,2,7,8.468,12.961,1.633,0.917,4.109
Riverside CA,4,2,8,8.455,12.948,1.63,0.917,4.571
Riverside CA,4,2,9,8.456,12.948,1.63,0.917,4.943
Riverside CA,4,2,10,8.456,12.948,1.631,0.917,5.401
Riverside CA,4,2,11,8.45,12.947,1.629,0.917,5.868
Riverside CA,4,2,12,8.45,12.947,1.629,0.917,6.296
Riverside CA,4,3,5,8.48,12.962,1.635,0.917,3.921
Riverside CA,4,3,6,8.456,12.943,1.631,0.917,4.421
Riverside CA,4,3,7,8.444,12.94,1.629,0.917,4.875
Riverside CA,4,3,8,8.43,12.927,1.626,0.917,5.358
Riverside CA,4,3,9,8.434,12.927,1.627,0.917,5.891
Riverside CA,4,3,10,8.435,12.927,1.627,0.917,6.438
Riverside CA,4,3,11,8.427,12.925,1.625,0.917,7.007
Riverside CA,4,3,12,8.427,12.925,1.625,0.917,7.601
Riverside CA,4,4,5,8.52,12.988,1.644,0.916,4.556
Riverside CA,4,4,6,8.496,12.97,1.639,0.916,5.038
Riverside CA,4,4,7,8.492,12.967,1.639,0.917,5.631
Riverside CA,4,4,8,8.484,12.954,1.637,0.917,6.263
Riverside CA,4,4,9,8.486,12.954,1.637,0.917,6.897
Riverside CA,4,4,10,8.488,12.954,1.638,0.917,7.562
Riverside CA,4,4,11,8.482,12.953,1.636,0.917,8.384
Riverside CA,4,4,12,8.48,12.953,1.636,0.917,9.169
Orange CA,2,2,5,6.61,9.3,0.566,0.958,2.319
Orange CA,2,2,6,6.591,9.282,0.565,0.958,2.518
Orange CA,2,2,7,6.576,9.275,0.563,0.958,2.663
Orange CA,2,2,8,6.557,9.259,0.562,0.959,2.957
Orange CA,2,2,9,6.556,9.258,0.561,0.959,3.113
Orange CA,2,2,10,6.554,9.256,0.561,0.959,3.276
Orange CA,2,2,11,6.553,9.255,0.561,0.959,3.555
Orange CA,2,2,12,6.552,9.254,0.561,0.959,3.832
Orange CA,2,3,5,6.685,9.334,0.573,0.958,2.612
Orange CA,2,3,6,6.666,9.316,0.571,0.958,2.842
Orange CA,2,3,7,6.652,9.309,0.57,0.958,3.119
Orange CA,2,3,8,6.641,9.292,0.569,0.958,3.389
Orange CA,2,3,9,6.639,9.292,0.569,0.958,3.717
Orange CA,2,3,10,6.639,9.29,0.569,0.958,4.024
Orange CA,2,3,11,6.637,9.289,0.568,0.958,4.322
Orange CA,2,3,12,6.638,9.289,0.569,0.958,4.636
Orange CA,2,4,5,6.726,9.377,0.576,0.957,2.941
Orange CA,2,4,6,6.704,9.359,0.574,0.958,3.268
Orange CA,2,4,7,6.692,9.352,0.573,0.958,3.598
Orange CA,2,4,8,6.681,9.336,0.572,0.958,3.991
Orange CA,2,4,9,6.68,9.336,0.572,0.958,4.354
Orange CA,2,4,10,6.68,9.334,0.572,0.958,4.737
Orange CA,2,4,11,6.679,9.333,0.572,0.958,5.12
Orange CA,2,4,12,6.678,9.332,0.572,0.958,5.549
Orange CA,3,2,5,6.648,9.241,0.57,0.959,2.625
Orange CA,3,2,6,6.629,9.221,0.568,0.959,2.856
Orange CA,3,2,7,6.612,9.214,0.566,0.959,3.139
Orange CA,3,2,8,6.589,9.197,0.565,0.959,3.39
Orange CA,3,2,9,6.585,9.197,0.564,0.959,3.699
Orange CA,3,2,10,6.581,9.195,0.564,0.959,4.038
Orange CA,3,2,11,6.581,9.194,0.564,0.959,4.315
Orange CA,3,2,12,6.581,9.193,0.564,0.959,4.636
Orange CA,3,3,5,6.681,9.245,0.572,0.959,3.032
Orange CA,3,3,6,6.664,9.225,0.571,0.959,3.295
Orange CA,3,3,7,6.643,9.218,0.569,0.959,3.66
Orange CA,3,3,8,6.619,9.201,0.567,0.959,4.038
Orange CA,3,3,9,6.617,9.201,0.567,0.959,4.402
Orange CA,3,3,10,6.616,9.2,0.567,0.959,4.785
Orange CA,3,3,11,6.614,9.198,0.567,0.959,5.191
Orange CA,3,3,12,6.613,9.197,0.567,0.959,5.644
Orange CA,3,4,5,6.738,9.296,0.577,0.958,3.409
Orange CA,3,4,6,6.717,9.277,0.576,0.958,3.839
Orange CA,3,4,7,6.706,9.269,0.575,0.958,4.263
Orange CA,3,4,8,6.686,9.253,0.573,0.959,4.698
Orange CA,3,4,9,6.684,9.253,0.573,0.959,5.148
Orange CA,3,4,10,6.683,9.251,0.573,0.959,5.706
Orange CA,3,4,11,6.682,9.25,0.572,0.959,6.157
Orange CA,3,4,12,6.681,9.249,0.572,0.959,6.663
Orange CA,4,2,5,6.708,9.358,0.575,0.958,2.974
Orange CA,4,2,6,6.692,9.338,0.573,0.958,3.207
Orange CA,4,2,7,6.679,9.332,0.572,0.958,3.606
Orange CA,4,2,8,6.667,9.314,0.571,0.958,4.018
Orange CA,4,2,9,6.662,9.314,0.571,0.958,4.33
Orange CA,4,2,10,6.663,9.313,0.571,0.958,4.728
Orange CA,4,2,11,6.664,9.311,0.571,0.958,5.148
Orange CA,4,2,12,6.663,9.31,0.571,0.958,5.558
Orange CA,4,3,5,6.75,9.377,0.578,0.957,3.407
Orange CA,4,3,6,6.736,9.357,0.577,0.958,3.823
Orange CA,4,3,7,6.723,9.351,0.576,0.958,4.279
Orange CA,4,3,8,6.707,9.333,0.575,0.958,4.706
Orange CA,4,3,9,6.706,9.333,0.574,0.958,5.131
Orange CA,4,3,10,6.704,9.332,0.574,0.958,5.701
Orange CA,4,3,11,6.704,9.331,0.574,0.958,6.312
Orange CA,4,3,12,6.702,9.33,0.574,0.958,6.692
Orange CA,4,4,5,6.821,9.441,0.584,0.957,3.957
Orange CA,4,4,6,6.805,9.421,0.583,0.957,4.413
Orange CA,4,4,7,6.793,9.414,0.582,0.957,4.929
Orange CA,4,4,8,6.78,9.397,0.581,0.957,5.5
Orange CA,4,4,9,6.779,9.397,0.581,0.957,6.053
Orange CA,4,4,10,6.778,9.396,0.581,0.957,6.645
Orange CA,4,4,11,6.778,9.395,0.581,0.957,7.322
Orange CA,4,4,12,6.777,9.394,0.581,0.957,8.144
Los Angeles CA,2,2,5,34.854,46.38,1.905,0.93,2.564
Los Angeles CA,2,2,6,34.859,46.372,1.906,0.93,2.787
Los Angeles CA,2,2,7,34.842,46.347,1.905,0.93,2.985
Los Angeles CA,2,2,8,34.825,46.332,1.904,0.93,3.204
Los Angeles CA,2,2,9,34.815,46.329,1.903,0.93,3.453
Los Angeles CA,2,2,10,34.817,46.322,1.903,0.93,3.663
Los Angeles CA,2,2,11,34.827,46.318,1.904,0.93,3.918
Los Angeles CA,2,2,12,34.815,46.314,1.903,0.93,4.22
Los Angeles CA,2,3,5,34.842,46.311,1.907,0.93,2.926
Los Angeles CA,2,3,6,34.853,46.303,1.907,0.93,3.174
Los Angeles CA,2,3,7,34.838,46.279,1.906,0.931,3.429
Los Angeles CA,2,3,8,34.806,46.264,1.905,0.931,3.801
Los Angeles CA,2,3,9,34.794,46.26,1.904,0.931,4.099
Los Angeles CA,2,3,10,34.8,46.253,1.904,0.931,4.462
Los Angeles CA,2,3,11,34.807,46.25,1.905,0.931,4.804
Los Angeles CA,2,3,12,34.799,46.246,1.904,0.931,5.179
Los Angeles CA,2,4,5,34.896,46.273,1.91,0.931,3.273
Los Angeles CA,2,4,6,34.898,46.268,1.91,0.931,3.616
Los Angeles CA,2,4,7,34.881,46.243,1.909,0.931,4.019
Los Angeles CA,2,4,8,34.848,46.227,1.907,0.931,4.474
Los Angeles CA,2,4,9,34.837,46.224,1.906,0.931,4.844
Los Angeles CA,2,4,10,34.835,46.217,1.906,0.931,5.276
Los Angeles CA,2,4,11,34.844,46.214,1.907,0.931,5.727
Los Angeles CA,2,4,12,34.837,46.21,1.906,0.931,6.207
Los Angeles CA,3,2,5,35.63,47.132,1.944,0.928,2.92
Los Angeles CA,3,2,6,35.584,47.125,1.942,0.928,3.18
Los Angeles CA,3,2,7,35.559,47.1,1.94,0.928,3.472
Los Angeles CA,3,2,8,35.536,47.082,1.939,0.928,3.743
Los Angeles CA,3,2,9,35.534,47.074,1.939,0.928,4.125
Los Angeles CA,3,2,10,35.541,47.064,1.939,0.928,4.467
Los Angeles CA,3,2,11,35.539,47.058,1.939,0.928,4.812
Los Angeles CA,3,2,12,35.531,47.051,1.939,0.928,5.156
Los Angeles CA,3,3,5,35.667,47.121,1.948,0.928,3.326
Los Angeles CA,3,3,6,35.64,47.116,1.946,0.928,3.687
Los Angeles CA,3,3,7,35.621,47.091,1.945,0.928,4.21
Los Angeles CA,3,3,8,35.596,47.073,1.944,0.928,4.486
Los Angeles CA,3,3,9,35.59,47.064,1.943,0.928,4.925
Los Angeles CA,3,3,10,35.584,47.053,1.943,0.928,5.336
Los Angeles CA,3,3,11,35.578,47.047,1.943,0.928,5.775
Los Angeles CA,3,3,12,35.574,47.04,1.942,0.928,6.263
Los Angeles CA,3,4,5,35.684,47.05,1.95,0.928,3.769
Los Angeles CA,3,4,6,35.651,47.047,1.948,0.928,4.256
Los Angeles CA,3,4,7,35.633,47.021,1.947,0.928,4.727
Los Angeles CA,3,4,8,35.612,47.002,1.945,0.928,5.233
Los Angeles CA,3,4,9,35.603,46.994,1.945,0.928,5.734
Los Angeles CA,3,4,10,35.606,46.983,1.945,0.928,6.338
Los Angeles CA,3,4,11,35.598,46.977,1.945,0.928,6.861
Los Angeles CA,3,4,12,35.589,46.971,1.944,0.928,7.444
Los Angeles CA,4,2,5,36.293,47.442,1.984,0.927,3.307
Los Angeles CA,4,2,6,36.245,47.425,1.981,0.927,3.614
Los Angeles CA,4,2,7,36.221,47.404,1.98,0.927,4.012
Los Angeles CA,4,2,8,36.195,47.38,1.979,0.927,4.426
Los Angeles CA,4,2,9,36.189,47.373,1.978,0.927,4.85
Los Angeles CA,4,2,10,36.182,47.361,1.978,0.927,5.261
Los Angeles CA,4,2,11,36.183,47.356,1.978,0.927,5.714
Los Angeles CA,4,2,12,36.176,47.347,1.978,0.927,6.185
Los Angeles CA,4,3,5,36.297,47.49,1.986,0.927,3.785
Los Angeles CA,4,3,6,36.253,47.472,1.984,0.927,4.229
Los Angeles CA,4,3,7,36.227,47.452,1.982,0.927,4.762
Los Angeles CA,4,3,8,36.204,47.427,1.981,0.927,5.238
Los Angeles CA,4,3,9,36.21,47.419,1.981,0.927,5.773
Los Angeles CA,4,3,10,36.203,47.407,1.981,0.927,6.307
Los Angeles CA,4,3,11,36.202,47.401,1.981,0.927,6.902
Los Angeles CA,4,3,12,36.193,47.393,1.98,0.927,7.454
Los Angeles CA,4,4,5,36.529,47.621,2.0,0.926,4.421
Los Angeles CA,4,4,6,36.477,47.605,1.997,0.926,4.921
Los Angeles CA,4,4,7,36.45,47.584,1.995,0.927,5.484
Los Angeles CA,4,4,8,36.424,47.559,1.994,0.927,6.101
Los Angeles CA,4,4,9,36.427,47.551,1.994,0.927,6.756
Los Angeles CA,4,4,10,36.427,47.539,1.994,0.927,7.406
Los Angeles CA,4,4,11,36.421,47.534,1.994,0.927,8.214
Los Angeles CA,4,4,12,36.411,47.526,1.993,0.927,9.058
King WA,2,2,5,6.135,9.197,1.108,0.945,2.186
King WA,2,2,6,6.115,9.185,1.104,0.945,2.395
King WA,2,2,7,6.104,9.176,1.102,0.945,2.61
King WA,2,2,8,6.093,9.168,1.1,0.945,2.79
King WA,2,2,9,6.094,9.168,1.1,0.945,2.998
King WA,2,2,10,6.09,9.168,1.099,0.945,3.227
King WA,2,2,11,6.088,9.165,1.099,0.945,3.472
King WA,2,2,12,6.085,9.158,1.098,0.945,3.72
King WA,2,3,5,6.219,9.249,1.124,0.944,2.818
King WA,2,3,6,6.194,9.238,1.119,0.944,3.063
King WA,2,3,7,6.183,9.229,1.117,0.944,3.343
King WA,2,3,8,6.176,9.221,1.116,0.944,3.673
King WA,2,3,9,6.177,9.221,1.116,0.944,4.004
King WA,2,3,10,6.174,9.221,1.116,0.944,4.386
King WA,2,3,11,6.17,9.218,1.115,0.944,4.706
King WA,2,3,12,6.165,9.211,1.114,0.945,5.065
King WA,2,4,5,6.252,9.305,1.131,0.943,2.837
King WA,2,4,6,6.231,9.293,1.127,0.944,3.19
King WA,2,4,7,6.216,9.285,1.124,0.944,3.508
King WA,2,4,8,6.207,9.276,1.122,0.944,3.906
King WA,2,4,9,6.206,9.277,1.122,0.944,4.232
King WA,2,4,10,6.204,9.276,1.122,0.944,4.652
King WA,2,4,11,6.201,9.273,1.121,0.944,5.044
King WA,2,4,12,6.196,9.267,1.12,0.944,5.476
King WA,3,2,5,6.007,9.153,1.083,0.945,2.821
King WA,3,2,6,5.987,9.139,1.079,0.945,3.057
King WA,3,2,7,5.968,9.129,1.075,0.946,3.325
King WA,3,2,8,5.961,9.12,1.074,0.946,3.749
King WA,3,2,9,5.963,9.12,1.074,0.946,4.029
King WA,3,2,10,5.959,9.12,1.073,0.946,4.352
King WA,3,2,11,5.955,9.117,1.073,0.946,4.746
King WA,3,2,12,5.954,9.111,1.072,0.946,5.095
King WA,3,3,5,6.122,9.241,1.105,0.944,3.198
King WA,3,3,6,6.101,9.228,1.101,0.944,3.603
King WA,3,3,7,6.079,9.217,1.097,0.945,3.986
King WA,3,3,8,6.076,9.209,1.096,0.945,4.403
King WA,3,3,9,6.079,9.209,1.097,0.945,4.835
King WA,3,3,10,6.075,9.209,1.096,0.945,5.211
King WA,3,3,11,6.071,9.206,1.095,0.945,5.664
King WA,3,3,12,6.069,9.2,1.095,0.945,6.265
King WA,3,4,5,6.179,9.368,1.115,0.943,3.698
King WA,3,4,6,6.16,9.353,1.112,0.943,4.163
King WA,3,4,7,6.138,9.344,1.107,0.943,4.66
King WA,3,4,8,6.133,9.335,1.106,0.943,5.152
King WA,3,4,9,6.133,9.335,1.106,0.943,5.671
King WA,3,4,10,6.133,9.335,1.106,0.943,6.243
King WA,3,4,11,6.127,9.332,1.105,0.943,6.799
King WA,3,4,12,6.127,9.326,1.105,0.943,7.37
King WA,4,2,5,6.197,9.322,1.119,0.943,3.156
King WA,4,2,6,6.185,9.31,1.117,0.943,3.525
King WA,4,2,7,6.175,9.301,1.115,0.943,3.893
King WA,4,2,8,6.163,9.292,1.113,0.944,4.334
King WA,4,2,9,6.165,9.292,1.113,0.944,4.747
King WA,4,2,10,6.162,9.292,1.112,0.944,5.16
King WA,4,2,11,6.16,9.29,1.112,0.944,5.593
King WA,4,2,12,6.15,9.283,1.11,0.944,6.131
King WA,4,3,5,6.348,9.427,1.148,0.942,3.669
King WA,4,3,6,6.333,9.415,1.145,0.942,4.173
King WA,4,3,7,6.316,9.405,1.142,0.942,4.616
King WA,4,3,8,6.307,9.396,1.14,0.942,5.123
King WA,4,3,9,6.308,9.397,1.14,0.942,5.627
King WA,4,3,10,6.303,9.397,1.14,0.942,6.253
King WA,4,3,11,6.298,9.395,1.138,0.942,6.767
King WA,4,3,12,6.293,9.388,1.138,0.942,7.363
King WA,4,4,5,6.385,9.545,1.155,0.94,4.328
King WA,4,4,6,6.37,9.532,1.152,0.941,4.803
King WA,4,4,7,6.351,9.522,1.148,0.941,5.387
King WA,4,4,8,6.339,9.514,1.146,0.941,5.999
King WA,4,4,9,6.338,9.514,1.146,0.941,6.667
King WA,4,4,10,6.335,9.514,1.145,0.941,7.318
King WA,4,4,11,6.331,9.512,1.144,0.941,8.071
King WA,4,4,12,6.322,9.505,1.143,0.941,8.956
Salt Lake UT,2,2,5,2.386,3.192,0.602,0.958,2.325
Salt Lake UT,2,2,6,2.372,3.183,0.598,0.959,2.493
Salt Lake UT,2,2,7,2.36,3.173,0.595,0.959,2.721
Salt Lake UT,2,2,8,2.356,3.169,0.594,0.959,2.878
Salt Lake UT,2,2,9,2.355,3.168,0.594,0.959,3.096
Salt Lake UT,2,2,10,2.352,3.167,0.593,0.959,3.302
Salt Lake UT,2,2,11,2.351,3.167,0.593,0.959,3.545
Salt Lake UT,2,2,12,2.351,3.167,0.593,0.959,3.823
Salt Lake UT,2,3,5,2.336,3.127,0.59,0.96,2.665
Salt Lake UT,2,3,6,2.325,3.118,0.587,0.96,2.843
Salt Lake UT,2,3,7,2.315,3.107,0.584,0.961,3.109
Salt Lake UT,2,3,8,2.311,3.103,0.583,0.961,3.413
Salt Lake UT,2,3,9,2.309,3.102,0.583,0.961,3.708
Salt Lake UT,2,3,10,2.308,3.101,0.583,0.961,4.018
Salt Lake UT,2,3,11,2.308,3.101,0.583,0.961,4.376
Salt Lake UT,2,3,12,2.307,3.101,0.582,0.961,4.645
Salt Lake UT,2,4,5,2.335,3.123,0.59,0.96,2.975
Salt Lake UT,2,4,6,2.324,3.114,0.587,0.96,3.251
Salt Lake UT,2,4,7,2.314,3.103,0.584,0.961,3.619
Salt Lake UT,2,4,8,2.31,3.099,0.583,0.961,3.976
Salt Lake UT,2,4,9,2.308,3.098,0.583,0.961,4.351
Salt Lake UT,2,4,10,2.308,3.097,0.583,0.961,4.754
Salt Lake UT,2,4,11,2.306,3.097,0.582,0.961,5.145
Salt Lake UT,2,4,12,2.306,3.097,0.582,0.961,5.524
Salt Lake UT,3,2,5,2.398,3.185,0.605,0.959,2.649
Salt Lake UT,3,2,6,2.386,3.175,0.602,0.959,2.868
Salt Lake UT,3,2,7,2.374,3.165,0.599,0.959,3.111
Salt Lake UT,3,2,8,2.369,3.161,0.598,0.959,3.394
Salt Lake UT,3,2,9,2.368,3.161,0.598,0.959,3.707
Salt Lake UT,3,2,10,2.365,3.16,0.597,0.959,4.0
Salt Lake UT,3,2,11,2.366,3.16,0.597,0.959,4.321
Salt Lake UT,3,2,12,2.366,3.16,0.597,0.959,4.635
Salt Lake UT,3,3,5,2.349,3.118,0.593,0.96,3.02
Salt Lake UT,3,3,6,2.338,3.107,0.59,0.961,3.33
Salt Lake UT,3,3,7,2.327,3.097,0.587,0.961,3.676
Salt Lake UT,3,3,8,2.324,3.093,0.587,0.961,4.042
Salt Lake UT,3,3,9,2.322,3.092,0.586,0.961,4.43
Salt Lake UT,3,3,10,2.32,3.091,0.586,0.961,4.79
Salt Lake UT,3,3,11,2.32,3.091,0.586,0.961,5.188
Salt Lake UT,3,3,12,2.32,3.091,0.586,0.961,5.626
Salt Lake UT,3,4,5,2.358,3.126,0.596,0.96,3.44
Salt Lake UT,3,4,6,2.348,3.115,0.593,0.96,3.842
Salt Lake UT,3,4,7,2.337,3.105,0.59,0.961,4.264
Salt Lake UT,3,4,8,2.333,3.101,0.589,0.961,4.732
Salt Lake UT,3,4,9,2.331,3.1,0.589,0.961,5.146
Salt Lake UT,3,4,10,2.331,3.1,0.589,0.961,5.668
Salt Lake UT,3,4,11,2.331,3.1,0.589,0.961,6.172
Salt Lake UT,3,4,12,2.331,3.099,0.589,0.961,6.7
Salt Lake UT,4,2,5,2.374,3.159,0.598,0.959,2.97
Salt Lake UT,4,2,6,2.366,3.148,0.596,0.96,3.289
Salt Lake UT,4,2,7,2.355,3.139,0.593,0.96,3.619
Salt Lake UT,4,2,8,2.349,3.135,0.592,0.96,3.98
Salt Lake UT,4,2,9,2.347,3.134,0.592,0.96,4.37
Salt Lake UT,4,2,10,2.346,3.133,0.591,0.96,4.726
Salt Lake UT,4,2,11,2.346,3.133,0.591,0.96,5.127
Salt Lake UT,4,2,12,2.345,3.133,0.591,0.96,5.593
Salt Lake UT,4,3,5,2.305,3.081,0.581,0.961,3.421
Salt Lake UT,4,3,6,2.299,3.07,0.58,0.962,3.848
Salt Lake UT,4,3,7,2.288,3.061,0.577,0.962,4.311
Salt Lake UT,4,3,8,2.283,3.056,0.576,0.962,4.711
Salt Lake UT,4,3,9,2.281,3.055,0.575,0.962,5.148
Salt Lake UT,4,3,10,2.279,3.054,0.575,0.962,5.689
Salt Lake UT,4,3,11,2.279,3.054,0.575,0.962,6.202
Salt Lake UT,4,3,12,2.279,3.054,0.575,0.962,6.693
Salt Lake UT,4,4,5,2.321,3.107,0.585,0.961,3.957
Salt Lake UT,4,4,6,2.312,3.096,0.583,0.961,4.45
Salt Lake UT,4,4,7,2.303,3.087,0.581,0.961,4.941
Salt Lake UT,4,4,8,2.298,3.082,0.58,0.961,5.448
Salt Lake UT,4,4,9,2.296,3.081,0.579,0.961,6.067
Salt Lake UT,4,4,10,2.295,3.08,0.579,0.961,6.652
Salt Lake UT,4,4,11,2.296,3.08,0.579,0.961,7.366
Salt Lake UT,4,4,12,2.295,3.08,0.579,0.961,8.147
Maricopa AZ,2,2,5,19.5,28.54,1.759,0.968,2.645
Maricopa AZ,2,2,6,19.422,28.437,1.752,0.969,2.832
Maricopa AZ,2,2,7,19.415,28.413,1.752,0.969,3.063
Maricopa AZ,2,2,8,19.364,28.376,1.747,0.969,3.265
Maricopa AZ,2,2,9,19.358,28.374,1.746,0.969,3.489
Maricopa AZ,2,2,10,19.35,28.37,1.746,0.969,3.775
Maricopa AZ,2,2,11,19.356,28.369,1.746,0.969,4.016
Maricopa AZ,2,2,12,19.354,28.367,1.746,0.969,4.317
Maricopa AZ,2,3,5,19.804,29.134,1.783,0.967,2.976
Maricopa AZ,2,3,6,19.736,29.036,1.777,0.967,3.245
Maricopa AZ,2,3,7,19.708,29.016,1.775,0.967,3.509
Maricopa AZ,2,3,8,19.701,28.981,1.774,0.967,3.807
Maricopa AZ,2,3,9,19.686,28.98,1.773,0.967,4.224
Maricopa AZ,2,3,10,19.683,28.977,1.772,0.967,4.588
Maricopa AZ,2,3,11,19.683,28.977,1.772,0.967,4.895
Maricopa AZ,2,3,12,19.679,28.976,1.772,0.967,5.27
Maricopa AZ,2,4,5,19.906,29.228,1.792,0.967,3.345
Maricopa AZ,2,4,6,19.837,29.133,1.786,0.967,3.661
Maricopa AZ,2,4,7,19.808,29.111,1.784,0.967,4.086
Maricopa AZ,2,4,8,19.802,29.077,1.783,0.967,4.518
Maricopa AZ,2,4,9,19.791,29.076,1.782,0.967,4.927
Maricopa AZ,2,4,10,19.786,29.074,1.782,0.967,5.373
Maricopa AZ,2,4,11,19.785,29.073,1.782,0.967,5.806
Maricopa AZ,2,4,12,19.785,29.071,1.782,0.967,6.241
Maricopa AZ,3,2,5,19.521,28.823,1.75,0.968,2.96
Maricopa AZ,3,2,6,19.453,28.711,1.744,0.968,3.229
Maricopa AZ,3,2,7,19.43,28.681,1.742,0.968,3.522
Maricopa AZ,3,2,8,19.397,28.639,1.739,0.968,3.864
Maricopa AZ,3,2,9,19.387,28.635,1.738,0.968,4.164
Maricopa AZ,3,2,10,19.383,28.63,1.738,0.968,4.536
Maricopa AZ,3,2,11,19.381,28.628,1.737,0.968,4.917
Maricopa AZ,3,2,12,19.382,28.627,1.738,0.968,5.246
Maricopa AZ,3,3,5,19.938,29.435,1.785,0.966,3.419
Maricopa AZ,3,3,6,19.867,29.329,1.78,0.966,3.703
Maricopa AZ,3,3,7,19.854,29.305,1.779,0.967,4.168
Maricopa AZ,3,3,8,19.829,29.266,1.776,0.967,4.578
Maricopa AZ,3,3,9,19.816,29.263,1.775,0.967,4.962
Maricopa AZ,3,3,10,19.811,29.26,1.775,0.967,5.436
Maricopa AZ,3,3,11,19.813,29.259,1.775,0.967,5.889
Maricopa AZ,3,3,12,19.813,29.258,1.775,0.967,6.342
Maricopa AZ,3,4,5,19.932,29.52,1.785,0.966,3.905
Maricopa AZ,3,4,6,19.861,29.417,1.779,0.966,4.343
Maricopa AZ,3,4,7,19.846,29.389,1.778,0.966,4.86
Maricopa AZ,3,4,8,19.837,29.35,1.777,0.966,5.375
Maricopa AZ,3,4,9,19.827,29.347,1.776,0.966,5.865
Maricopa AZ,3,4,10,19.814,29.345,1.775,0.966,6.385
Maricopa AZ,3,4,11,19.811,29.343,1.775,0.966,6.975
Maricopa AZ,3,4,12,19.815,29.342,1.775,0.966,7.524
Maricopa AZ,4,2,5,19.32,28.842,1.729,0.968,3.354
Maricopa AZ,4,2,6,19.236,28.723,1.721,0.968,3.71
Maricopa AZ,4,2,7,19.218,28.689,1.72,0.968,4.063
Maricopa AZ,4,2,8,19.189,28.651,1.717,0.968,4.529
Maricopa AZ,4,2,9,19.183,28.647,1.717,0.968,4.957
Maricopa AZ,4,2,10,19.181,28.641,1.716,0.968,5.364
Maricopa AZ,4,2,11,19.176,28.639,1.716,0.968,5.83
Maricopa AZ,4,2,12,19.175,28.639,1.716,0.968,6.251
Maricopa AZ,4,3,5,19.777,29.659,1.766,0.966,3.886
Maricopa AZ,4,3,6,19.687,29.547,1.758,0.966,4.358
Maricopa AZ,4,3,7,19.676,29.519,1.758,0.966,4.831
Maricopa AZ,4,3,8,19.648,29.483,1.755,0.966,5.338
Maricopa AZ,4,3,9,19.645,29.48,1.755,0.966,5.838
Maricopa AZ,4,3,10,19.643,29.477,1.755,0.966,6.405
Maricopa AZ,4,3,11,19.644,29.476,1.755,0.966,6.988
Maricopa AZ,4,3,12,19.646,29.476,1.755,0.966,7.553
Maricopa AZ,4,4,5,19.809,29.779,1.769,0.965,4.49
Maricopa AZ,4,4,6,19.752,29.674,1.764,0.966,5.016
Maricopa AZ,4,4,7,19.735,29.643,1.763,0.966,5.582
Maricopa AZ,4,4,8,19.713,29.608,1.761,0.966,6.199
Maricopa AZ,4,4,9,19.715,29.606,1.761,0.966,6.856
Maricopa AZ,4,4,10,19.711,29.603,1.761,0.966,7.522
Maricopa AZ,4,4,11,19.707,29.602,1.76,0.966,8.291
Maricopa AZ,4,4,12,19.707,29.601,1.76,0.966,9.153
Riverside CA,2,2,4,9.595,14.311,1.848,0.898,2.646
Riverside CA,2,3,4,9.626,14.291,1.854,0.899,2.526
Riverside CA,2,4,4,9.658,14.321,1.86,0.898,2.861
Riverside CA,2,5,4,9.66,14.351,1.86,0.898,3.348
Riverside CA,2,5,5,9.574,14.32,1.843,0.898,3.763
Riverside CA,2,5,6,9.556,14.303,1.839,0.898,4.274
Riverside CA,2,5,7,9.555,14.301,1.839,0.898,4.726
Riverside CA,2,5,8,9.548,14.292,1.838,0.899,5.222
Riverside CA,2,5,9,9.549,14.291,1.838,0.899,5.695
Riverside CA,2,5,10,9.549,14.292,1.838,0.899,6.236
Riverside CA,2,5,11,9.547,14.291,1.838,0.899,6.858
Riverside CA,2,5,12,9.548,14.291,1.838,0.899,7.428
Riverside CA,3,2,4,9.253,14.0,1.784,0.903,2.759
Riverside CA,3,3,4,9.236,13.974,1.78,0.903,3.124
Riverside CA,3,4,4,9.301,14.03,1.793,0.902,3.483
Riverside CA,3,5,4,9.315,14.082,1.795,0.902,3.854
Riverside CA,3,5,5,9.246,14.052,1.781,0.902,4.462
Riverside CA,3,5,6,9.229,14.031,1.778,0.902,4.974
Riverside CA,3,5,7,9.221,14.027,1.776,0.902,5.564
Riverside CA,3,5,8,9.211,14.016,1.774,0.902,6.167
Riverside CA,3,5,9,9.207,14.014,1.773,0.902,6.795
Riverside CA,3,5,10,9.205,14.013,1.773,0.902,7.494
Riverside CA,3,5,11,9.201,14.013,1.772,0.902,8.277
Riverside CA,3,5,12,9.202,14.012,1.772,0.903,9.102
Riverside CA,4,2,4,8.557,13.021,1.651,0.916,3.099
Riverside CA,4,3,4,8.543,13.001,1.649,0.916,3.483
Riverside CA,4,4,4,8.591,13.027,1.659,0.916,3.975
Riverside CA,4,5,4,8.609,13.097,1.661,0.915,4.505
Riverside CA,4,5,5,8.551,13.061,1.649,0.915,5.135
Riverside CA,4,5,6,8.536,13.043,1.647,0.916,5.818
Riverside CA,4,5,7,8.533,13.039,1.646,0.916,6.769
Riverside CA,4,5,8,8.518,13.027,1.643,0.916,7.212
Riverside CA,4,5,9,8.522,13.027,1.644,0.916,8.052
Riverside CA,4,5,10,8.521,13.027,1.644,0.916,8.949
Riverside CA,4,5,11,8.517,13.026,1.643,0.916,9.937
Riverside CA,4,5,12,8.517,13.025,1.643,0.916,11.05
Riverside CA,5,2,4,8.881,13.354,1.716,0.911,3.383
Riverside CA,5,2,5,8.811,13.313,1.701,0.912,3.779
Riverside CA,5,2,6,8.788,13.292,1.697,0.912,4.274
Riverside CA,5,2,7,8.777,13.288,1.695,0.912,4.749
Riverside CA,5,2,8,8.77,13.273,1.693,0.913,5.211
Riverside CA,5,2,9,8.77,13.273,1.693,0.913,5.74
Riverside CA,5,2,10,8.771,13.273,1.693,0.913,6.259
Riverside CA,5,2,11,8.766,13.271,1.693,0.913,6.863
Riverside CA,5,2,12,8.766,13.271,1.692,0.913,7.464
Riverside CA,5,3,4,8.849,13.303,1.711,0.912,3.904
Riverside CA,5,3,5,8.76,13.263,1.692,0.913,4.431
Riverside CA,5,3,6,8.747,13.241,1.69,0.913,4.985
Riverside CA,5,3,7,8.737,13.237,1.688,0.913,5.598
Riverside CA,5,3,8,8.732,13.223,1.687,0.913,6.157
Riverside CA,5,3,9,8.733,13.223,1.687,0.913,6.804
Riverside CA,5,3,10,8.73,13.222,1.687,0.913,7.531
Riverside CA,5,3,11,8.726,13.221,1.686,0.913,8.263
Riverside CA,5,3,12,8.724,13.22,1.686,0.913,9.179
Riverside CA,5,4,4,8.859,13.294,1.713,0.912,4.539
Riverside CA,5,4,5,8.774,13.254,1.696,0.913,5.154
Riverside CA,5,4,6,8.76,13.232,1.693,0.913,5.745
Riverside CA,5,4,7,8.746,13.227,1.691,0.913,6.502
Riverside CA,5,4,8,8.742,13.213,1.69,0.913,7.25
Riverside CA,5,4,9,8.74,13.213,1.689,0.913,8.06
Riverside CA,5,4,10,8.739,13.213,1.689,0.913,8.995
Riverside CA,5,4,11,8.735,13.211,1.688,0.913,10.013
Riverside CA,5,4,12,8.735,13.211,1.688,0.913,11.055
Riverside CA,5,5,4,8.831,13.339,1.707,0.912,5.157
Riverside CA,5,5,5,8.752,13.301,1.691,0.912,5.888
Riverside CA,5,5,6,8.735,13.279,1.688,0.912,6.616
Riverside CA,5,5,7,8.728,13.275,1.686,0.912,7.477
Riverside CA,5,5,8,8.725,13.261,1.686,0.913,8.499
Riverside CA,5,5,9,8.722,13.26,1.685,0.913,9.507
Riverside CA,5,5,10,8.721,13.26,1.685,0.913,10.733
Riverside CA,5,5,11,8.716,13.259,1.684,0.913,11.86
Riverside CA,5,5,12,8.715,13.258,1.684,0.913,12.946
Orange CA,2,2,4,6.766,9.444,0.58,0.957,2.132
Orange CA,2,3,4,6.844,9.477,0.586,0.957,2.399
Orange CA,2,4,4,6.881,9.519,0.59,0.956,2.664
Orange CA,2,5,4,6.923,9.567,0.593,0.956,2.96
Orange CA,2,5,5,6.782,9.427,0.581,0.957,3.347
Orange CA,2,5,6,6.763,9.41,0.58,0.957,3.736
Orange CA,2,5,7,6.753,9.403,0.579,0.957,4.183
Orange CA,2,5,8,6.739,9.387,0.577,0.957,4.661
Orange CA,2,5,9,6.738,9.387,0.577,0.957,5.108
Orange CA,2,5,10,6.735,9.385,0.577,0.957,5.471
Orange CA,2,5,11,6.735,9.384,0.577,0.957,6.031
Orange CA,2,5,12,6.735,9.383,0.577,0.957,6.531
Orange CA,3,2,4,6.791,9.386,0.582,0.957,2.379
Orange CA,3,3,4,6.82,9.39,0.585,0.957,2.714
Orange CA,3,4,4,6.87,9.441,0.589,0.957,3.03
Orange CA,3,5,4,6.901,9.491,0.592,0.956,3.386
Orange CA,3,5,5,6.772,9.35,0.58,0.958,3.915
Orange CA,3,5,6,6.758,9.331,0.579,0.958,4.404
Orange CA,3,5,7,6.749,9.324,0.578,0.958,4.886
Orange CA,3,5,8,6.725,9.308,0.576,0.958,5.4
Orange CA,3,5,9,6.723,9.307,0.576,0.958,6.036
Orange CA,3,5,10,6.719,9.306,0.576,0.958,6.586
Orange CA,3,5,11,6.718,9.305,0.576,0.958,7.266
Orange CA,3,5,12,6.718,9.304,0.576,0.958,8.005
Orange CA,4,2,4,6.876,9.503,0.589,0.956,2.666
Orange CA,4,3,4,6.909,9.522,0.592,0.956,3.043
Orange CA,4,4,4,6.98,9.584,0.598,0.956,3.537
Orange CA,4,5,4,7.011,9.661,0.601,0.955,3.947
Orange CA,4,5,5,6.863,9.52,0.588,0.956,4.479
Orange CA,4,5,6,6.847,9.5,0.587,0.956,5.091
Orange CA,4,5,7,6.835,9.494,0.585,0.956,5.664
Orange CA,4,5,8,6.822,9.477,0.584,0.957,6.343
Orange CA,4,5,9,6.82,9.478,0.584,0.957,7.044
Orange CA,4,5,10,6.819,9.476,0.584,0.957,7.879
Orange CA,4,5,11,6.818,9.475,0.584,0.957,8.73
Orange CA,4,5,12,6.817,9.474,0.584,0.957,9.659
Orange CA,5,2,4,6.904,9.475,0.592,0.957,2.969
Orange CA,5,2,5,6.725,9.33,0.576,0.958,3.328
Orange CA,5,2,6,6.713,9.311,0.575,0.958,3.702
Orange CA,5,2,7,6.698,9.305,0.574,0.958,4.175
Orange CA,5,2,8,6.681,9.287,0.572,0.958,4.585
Orange CA,5,2,9,6.677,9.287,0.572,0.958,5.039
Orange CA,5,2,10,6.674,9.286,0.572,0.958,5.513
Orange CA,5,2,11,6.673,9.285,0.572,0.958,6.017
Orange CA,5,2,12,6.672,9.284,0.572,0.958,6.546
Orange CA,5,3,4,6.957,9.504,0.596,0.956,3.423
Orange CA,5,3,5,6.763,9.36,0.58,0.958,3.906
Orange CA,5,3,6,6.752,9.341,0.579,0.958,4.351
Orange CA,5,3,7,6.734,9.335,0.577,0.958,4.853
Orange CA,5,3,8,6.724,9.317,0.576,0.958,5.413
Orange CA,5,3,9,6.722,9.317,0.576,0.958,5.965
Orange CA,5,3,10,6.722,9.317,0.576,0.958,6.581
Orange CA,5,3,11,6.722,9.315,0.576,0.958,7.239
Orange CA,5,3,12,6.722,9.314,0.576,0.958,8.031
Orange CA,5,4,4,6.998,9.565,0.6,0.956,3.985
Orange CA,5,4,5,6.821,9.422,0.585,0.957,4.487
Orange CA,5,4,6,6.812,9.403,0.584,0.957,5.061
Orange CA,5,4,7,6.794,9.397,0.582,0.957,5.689
Orange CA,5,4,8,6.78,9.379,0.581,0.957,6.361
Orange CA,5,4,9,6.78,9.379,0.581,0.957,7.058
Orange CA,5,4,10,6.778,9.379,0.581,0.957,7.863
Orange CA,5,4,11,6.776,9.377,0.581,0.957,8.8
Orange CA,5,4,12,6.775,9.376,0.581,0.957,9.654
Orange CA,5,5,4,7.026,9.618,0.602,0.955,4.495
Orange CA,5,5,5,6.844,9.479,0.586,0.957,5.147
Orange CA,5,5,6,6.834,9.46,0.586,0.957,5.811
Orange CA,5,5,7,6.819,9.454,0.584,0.957,6.53
Orange CA,5,5,8,6.807,9.436,0.583,0.957,7.382
Orange CA,5,5,9,6.808,9.437,0.583,0.957,8.282
Orange CA,5,5,10,6.805,9.436,0.583,0.957,9.348
Orange CA,5,5,11,6.805,9.435,0.583,0.957,10.27
Orange CA,5,5,12,6.804,9.434,0.583,0.957,11.269
Los Angeles CA,2,2,4,35.266,46.725,1.928,0.929,2.374
Los Angeles CA,2,3,4,35.268,46.665,1.93,0.929,2.634
Los Angeles CA,2,4,4,35.308,46.627,1.932,0.929,2.987
Los Angeles CA,2,5,4,35.443,46.799,1.94,0.929,3.291
Los Angeles CA,2,5,5,35.028,46.448,1.918,0.93,3.66
Los Angeles CA,2,5,6,35.027,46.441,1.918,0.93,4.167
Los Angeles CA,2,5,7,35.016,46.417,1.917,0.93,4.632
Los Angeles CA,2,5,8,34.993,46.399,1.916,0.93,5.134
Los Angeles CA,2,5,9,34.985,46.397,1.915,0.93,5.634
Los Angeles CA,2,5,10,34.983,46.39,1.915,0.93,6.126
Los Angeles CA,2,5,11,34.994,46.387,1.916,0.93,6.721
Los Angeles CA,2,5,12,34.986,46.383,1.915,0.93,7.295
Los Angeles CA,3,2,4,35.987,47.467,1.964,0.927,2.663
Los Angeles CA,3,3,4,36.069,47.464,1.97,0.927,3.023
Los Angeles CA,3,4,4,36.036,47.396,1.969,0.927,3.398
Los Angeles CA,3,5,4,36.076,47.492,1.971,0.927,3.783
Los Angeles CA,3,5,5,35.769,47.152,1.955,0.928,4.309
Los Angeles CA,3,5,6,35.747,47.147,1.953,0.928,4.889
Los Angeles CA,3,5,7,35.73,47.122,1.952,0.928,5.455
Los Angeles CA,3,5,8,35.714,47.103,1.951,0.928,6.0
Los Angeles CA,3,5,9,35.701,47.095,1.951,0.928,6.67
Los Angeles CA,3,5,10,35.698,47.084,1.95,0.928,7.32
Los Angeles CA,3,5,11,35.69,47.078,1.95,0.928,8.081
Los Angeles CA,3,5,12,35.681,47.071,1.95,0.928,8.978
Los Angeles CA,4,2,4,36.645,47.773,2.003,0.926,2.952
Los Angeles CA,4,3,4,36.664,47.824,2.006,0.926,3.388
Los Angeles CA,4,4,4,36.84,47.953,2.016,0.925,3.85
Los Angeles CA,4,5,4,37.329,48.486,2.044,0.924,4.421
Los Angeles CA,4,5,5,37.006,48.157,2.027,0.925,4.993
Los Angeles CA,4,5,6,36.95,48.143,2.024,0.925,5.654
Los Angeles CA,4,5,7,36.92,48.124,2.022,0.925,6.415
Los Angeles CA,4,5,8,36.917,48.097,2.022,0.925,7.077
Los Angeles CA,4,5,9,36.91,48.09,2.021,0.925,7.867
Los Angeles CA,4,5,10,36.906,48.078,2.021,0.925,8.823
Los Angeles CA,4,5,11,36.903,48.073,2.021,0.925,9.742
Los Angeles CA,4,5,12,36.889,48.065,2.02,0.925,10.822
Los Angeles CA,5,2,4,35.965,47.052,1.97,0.928,3.295
Los Angeles CA,5,2,5,35.709,46.719,1.956,0.929,3.667
Los Angeles CA,5,2,6,35.668,46.702,1.953,0.929,4.134
Los Angeles CA,5,2,7,35.664,46.681,1.953,0.929,4.649
Los Angeles CA,5,2,8,35.643,46.66,1.952,0.929,5.095
Los Angeles CA,5,2,9,35.631,46.653,1.951,0.929,5.604
Los Angeles CA,5,2,10,35.644,46.642,1.952,0.929,6.097
Los Angeles CA,5,2,11,35.641,46.637,1.952,0.929,6.712
Los Angeles CA,5,2,12,35.63,46.627,1.951,0.929,7.305
Los Angeles CA,5,3,4,36.231,47.433,1.985,0.927,3.774
Los Angeles CA,5,3,5,35.934,47.103,1.969,0.928,4.368
Los Angeles CA,5,3,6,35.888,47.086,1.966,0.928,4.831
Los Angeles CA,5,3,7,35.869,47.064,1.965,0.928,5.398
Los Angeles CA,5,3,8,35.834,47.039,1.963,0.928,6.039
Los Angeles CA,5,3,9,35.827,47.032,1.963,0.928,6.632
Los Angeles CA,5,3,10,35.827,47.02,1.963,0.928,7.335
Los Angeles CA,5,3,11,35.827,47.015,1.963,0.928,8.142
Los Angeles CA,5,3,12,35.817,47.005,1.962,0.928,8.949
Los Angeles CA,5,4,4,36.535,47.654,2.003,0.926,4.443
Los Angeles CA,5,4,5,36.238,47.327,1.987,0.927,5.0
Los Angeles CA,5,4,6,36.176,47.31,1.983,0.927,5.645
Los Angeles CA,5,4,7,36.148,47.288,1.982,0.927,6.36
Los Angeles CA,5,4,8,36.131,47.262,1.981,0.928,7.056
Los Angeles CA,5,4,9,36.133,47.255,1.981,0.928,7.886
Los Angeles CA,5,4,10,36.145,47.243,1.982,0.928,8.789
Los Angeles CA,5,4,11,36.145,47.239,1.982,0.928,9.795
Los Angeles CA,5,4,12,36.124,47.23,1.98,0.928,10.821
Los Angeles CA,5,5,4,37.04,48.299,2.032,0.924,4.997
Los Angeles CA,5,5,5,36.766,47.979,2.017,0.925,5.726
Los Angeles CA,5,5,6,36.704,47.963,2.013,0.925,6.481
Los Angeles CA,5,5,7,36.682,47.943,2.012,0.925,7.281
Los Angeles CA,5,5,8,36.669,47.916,2.011,0.926,8.24
Los Angeles CA,5,5,9,36.669,47.909,2.011,0.926,9.349
Los Angeles CA,5,5,10,36.67,47.896,2.011,0.926,10.42
Los Angeles CA,5,5,11,36.668,47.892,2.011,0.926,11.522
Los Angeles CA,5,5,12,36.652,47.883,2.01,0.926,12.684
King WA,2,2,4,6.439,9.484,1.166,0.941,2.05
King WA,2,3,4,6.522,9.537,1.182,0.941,2.544
King WA,2,4,4,6.557,9.59,1.189,0.94,2.6
King WA,2,5,4,6.536,9.582,1.185,0.94,2.857
King WA,2,5,5,6.238,9.297,1.128,0.944,3.201
King WA,2,5,6,6.212,9.284,1.123,0.944,3.656
King WA,2,5,7,6.204,9.276,1.122,0.944,4.081
King WA,2,5,8,6.192,9.268,1.12,0.944,4.522
King WA,2,5,9,6.192,9.268,1.12,0.944,4.967
King WA,2,5,10,6.19,9.268,1.119,0.944,5.429
King WA,2,5,11,6.188,9.265,1.119,0.944,5.977
King WA,2,5,12,6.185,9.259,1.118,0.944,6.472
King WA,3,2,4,6.367,9.45,1.152,0.942,2.778
King WA,3,3,4,6.475,9.539,1.172,0.941,2.91
King WA,3,4,4,6.533,9.661,1.183,0.939,3.267
King WA,3,5,4,6.526,9.665,1.182,0.939,3.726
King WA,3,5,5,6.185,9.374,1.117,0.943,4.268
King WA,3,5,6,6.162,9.358,1.112,0.943,4.774
King WA,3,5,7,6.142,9.349,1.108,0.943,5.389
King WA,3,5,8,6.135,9.341,1.107,0.943,5.964
King WA,3,5,9,6.134,9.341,1.107,0.943,6.57
King WA,3,5,10,6.134,9.341,1.107,0.943,7.282
King WA,3,5,11,6.129,9.338,1.106,0.943,8.081
King WA,3,5,12,6.129,9.332,1.106,0.943,8.895
King WA,4,2,4,6.54,9.613,1.185,0.94,2.887
King WA,4,3,4,6.669,9.721,1.209,0.938,3.34
King WA,4,4,4,6.703,9.836,1.215,0.937,3.772
King WA,4,5,4,6.716,9.846,1.218,0.937,4.361
King WA,4,5,5,6.411,9.558,1.16,0.94,4.949
King WA,4,5,6,6.391,9.544,1.156,0.94,5.534
King WA,4,5,7,6.38,9.535,1.154,0.941,6.246
King WA,4,5,8,6.366,9.527,1.151,0.941,6.956
King WA,4,5,9,6.367,9.527,1.151,0.941,7.914
King WA,4,5,10,6.362,9.527,1.15,0.941,8.672
King WA,4,5,11,6.356,9.524,1.149,0.941,9.7
King WA,4,5,12,6.35,9.518,1.148,0.941,10.698
King WA,5,2,4,6.52,9.505,1.181,0.941,3.156
King WA,5,2,5,6.122,9.2,1.105,0.945,3.579
King WA,5,2,6,6.111,9.186,1.103,0.945,4.021
King WA,5,2,7,6.099,9.175,1.101,0.945,4.549
King WA,5,2,8,6.086,9.166,1.098,0.945,5.04
King WA,5,2,9,6.089,9.166,1.099,0.945,5.503
King WA,5,2,10,6.083,9.166,1.098,0.945,6.005
King WA,5,2,11,6.077,9.163,1.097,0.945,6.637
King WA,5,2,12,6.067,9.155,1.095,0.945,7.211
King WA,5,3,4,6.65,9.608,1.207,0.94,3.678
King WA,5,3,5,6.275,9.297,1.135,0.944,4.223
King WA,5,3,6,6.262,9.282,1.132,0.944,4.775
King WA,5,3,7,6.243,9.271,1.129,0.944,5.33
King WA,5,3,8,6.232,9.262,1.127,0.944,5.926
King WA,5,3,9,6.233,9.262,1.127,0.944,6.592
King WA,5,3,10,6.229,9.261,1.126,0.944,7.271
King WA,5,3,11,6.227,9.259,1.126,0.944,8.008
King WA,5,3,12,6.218,9.251,1.124,0.944,8.924
King WA,5,4,4,6.715,9.78,1.217,0.938,4.301
King WA,5,4,5,6.316,9.473,1.141,0.941,4.89
King WA,5,4,6,6.303,9.456,1.139,0.942,5.517
King WA,5,4,7,6.276,9.446,1.134,0.942,6.278
King WA,5,4,8,6.263,9.436,1.131,0.942,6.919
King WA,5,4,9,6.263,9.436,1.131,0.942,7.812
King WA,5,4,10,6.26,9.436,1.131,0.942,8.709
King WA,5,4,11,6.258,9.433,1.13,0.942,9.645
King WA,5,4,12,6.25,9.426,1.129,0.942,10.983
King WA,5,5,4,6.812,9.886,1.235,0.936,4.873
King WA,5,5,5,6.432,9.586,1.163,0.94,5.564
King WA,5,5,6,6.414,9.569,1.159,0.94,6.348
King WA,5,5,7,6.392,9.56,1.155,0.94,7.205
King WA,5,5,8,6.383,9.551,1.153,0.94,8.155
King WA,5,5,9,6.383,9.551,1.153,0.94,9.187
King WA,5,5,10,6.38,9.551,1.153,0.94,10.366
King WA,5,5,11,6.376,9.548,1.152,0.94,11.369
King WA,5,5,12,6.374,9.54,1.151,0.941,12.426
Salt Lake UT,2,2,4,2.452,3.256,0.619,0.957,2.178
Salt Lake UT,2,3,4,2.414,3.193,0.609,0.958,2.397
Salt Lake UT,2,4,4,2.412,3.189,0.609,0.959,2.667
Salt Lake UT,2,5,4,2.428,3.2,0.613,0.958,2.98
Salt Lake UT,2,5,5,2.35,3.133,0.593,0.96,3.297
Salt Lake UT,2,5,6,2.342,3.125,0.591,0.96,3.727
Salt Lake UT,2,5,7,2.33,3.114,0.588,0.96,4.2
Salt Lake UT,2,5,8,2.325,3.11,0.587,0.961,4.598
Salt Lake UT,2,5,9,2.324,3.109,0.587,0.961,5.034
Salt Lake UT,2,5,10,2.323,3.108,0.586,0.961,5.491
Salt Lake UT,2,5,11,2.322,3.108,0.586,0.961,6.028
Salt Lake UT,2,5,12,2.321,3.108,0.586,0.961,6.56
Salt Lake UT,3,2,4,2.469,3.25,0.623,0.957,2.399
Salt Lake UT,3,3,4,2.424,3.184,0.612,0.959,2.734
Salt Lake UT,3,4,4,2.432,3.193,0.614,0.958,3.052
Salt Lake UT,3,5,4,2.45,3.208,0.619,0.958,3.402
Salt Lake UT,3,5,5,2.376,3.14,0.6,0.96,3.926
Salt Lake UT,3,5,6,2.366,3.131,0.598,0.96,4.369
Salt Lake UT,3,5,7,2.357,3.121,0.595,0.96,4.873
Salt Lake UT,3,5,8,2.354,3.117,0.595,0.96,5.434
Salt Lake UT,3,5,9,2.352,3.116,0.594,0.96,5.968
Salt Lake UT,3,5,10,2.351,3.115,0.594,0.96,6.597
Salt Lake UT,3,5,11,2.351,3.115,0.594,0.96,7.286
Salt Lake UT,3,5,12,2.351,3.115,0.594,0.96,7.99
Salt Lake UT,4,2,4,2.444,3.224,0.616,0.958,2.704
Salt Lake UT,4,3,4,2.382,3.148,0.601,0.96,3.062
Salt Lake UT,4,4,4,2.393,3.173,0.604,0.959,3.492
Salt Lake UT,4,5,4,2.433,3.199,0.614,0.958,3.96
Salt Lake UT,4,5,5,2.351,3.131,0.593,0.96,4.51
Salt Lake UT,4,5,6,2.346,3.122,0.592,0.96,5.087
Salt Lake UT,4,5,7,2.336,3.112,0.589,0.96,5.694
Salt Lake UT,4,5,8,2.332,3.107,0.588,0.961,6.387
Salt Lake UT,4,5,9,2.331,3.107,0.588,0.961,7.06
Salt Lake UT,4,5,10,2.33,3.106,0.588,0.961,7.829
Salt Lake UT,4,5,11,2.329,3.106,0.587,0.961,8.773
Salt Lake UT,4,5,12,2.329,3.106,0.587,0.961,9.631
Salt Lake UT,5,2,4,2.437,3.218,0.614,0.958,2.959
Salt Lake UT,5,2,5,2.365,3.152,0.596,0.959,3.272
Salt Lake UT,5,2,6,2.355,3.142,0.594,0.96,3.77
Salt Lake UT,5,2,7,2.341,3.132,0.59,0.96,4.174
Salt Lake UT,5,2,8,2.334,3.127,0.588,0.96,4.594
Salt Lake UT,5,2,9,2.333,3.126,0.588,0.96,5.074
Salt Lake UT,5,2,10,2.334,3.125,0.588,0.96,5.493
Salt Lake UT,5,2,11,2.333,3.125,0.588,0.96,6.013
Salt Lake UT,5,2,12,2.333,3.125,0.588,0.96,6.586
Salt Lake UT,5,3,4,2.377,3.142,0.6,0.96,3.415
Salt Lake UT,5,3,5,2.301,3.075,0.58,0.961,3.921
Salt Lake UT,5,3,6,2.292,3.064,0.578,0.962,4.394
Salt Lake UT,5,3,7,2.277,3.054,0.574,0.962,4.887
Salt Lake UT,5,3,8,2.272,3.049,0.573,0.962,5.413
Salt Lake UT,5,3,9,2.271,3.049,0.572,0.962,6.0
Salt Lake UT,5,3,10,2.27,3.048,0.572,0.962,6.599
Salt Lake UT,5,3,11,2.268,3.048,0.572,0.962,7.272
Salt Lake UT,5,3,12,2.268,3.048,0.572,0.962,7.987
Salt Lake UT,5,4,4,2.4,3.176,0.606,0.959,3.997
Salt Lake UT,5,4,5,2.327,3.109,0.587,0.961,4.5
Salt Lake UT,5,4,6,2.316,3.098,0.584,0.961,5.087
Salt Lake UT,5,4,7,2.303,3.088,0.581,0.961,5.742
Salt Lake UT,5,4,8,2.297,3.083,0.579,0.961,6.361
Salt Lake UT,5,4,9,2.296,3.082,0.579,0.961,7.05
Salt Lake UT,5,4,10,2.296,3.082,0.579,0.961,7.918
Salt Lake UT,5,4,11,2.293,3.081,0.578,0.961,8.818
Salt Lake UT,5,4,12,2.293,3.081,0.578,0.961,9.634
Salt Lake UT,5,5,4,2.433,3.197,0.614,0.958,4.528
Salt Lake UT,5,5,5,2.359,3.129,0.595,0.96,5.145
Salt Lake UT,5,5,6,2.349,3.119,0.592,0.96,5.829
Salt Lake UT,5,5,7,2.336,3.109,0.589,0.961,6.531
Salt Lake UT,5,5,8,2.329,3.104,0.587,0.961,7.384
Salt Lake UT,5,5,9,2.328,3.103,0.587,0.961,8.343
Salt Lake UT,5,5,10,2.327,3.103,0.587,0.961,9.359
Salt Lake UT,5,5,11,2.325,3.103,0.586,0.961,10.267
Salt Lake UT,5,5,12,2.325,3.102,0.586,0.961,11.283
Maricopa AZ,2,2,4,19.875,28.923,1.795,0.967,2.448
Maricopa AZ,2,3,4,20.203,29.508,1.821,0.966,2.735
Maricopa AZ,2,4,4,20.307,29.607,1.83,0.966,3.026
Maricopa AZ,2,5,4,20.583,29.91,1.855,0.965,3.342
Maricopa AZ,2,5,5,20.208,29.538,1.819,0.966,3.74
Maricopa AZ,2,5,6,20.136,29.44,1.813,0.966,4.197
Maricopa AZ,2,5,7,20.11,29.415,1.811,0.966,4.688
Maricopa AZ,2,5,8,20.103,29.378,1.811,0.966,5.171
Maricopa AZ,2,5,9,20.097,29.378,1.81,0.966,5.677
Maricopa AZ,2,5,10,20.087,29.375,1.809,0.966,6.199
Maricopa AZ,2,5,11,20.09,29.375,1.809,0.966,6.813
Maricopa AZ,2,5,12,20.088,29.373,1.809,0.966,7.403
Maricopa AZ,3,2,4,19.937,29.216,1.79,0.967,2.723
Maricopa AZ,3,3,4,20.336,29.82,1.824,0.965,3.08
Maricopa AZ,3,4,4,20.358,29.91,1.826,0.965,3.441
Maricopa AZ,3,5,4,20.668,30.22,1.855,0.964,3.844
Maricopa AZ,3,5,5,20.298,29.836,1.819,0.965,4.428
Maricopa AZ,3,5,6,20.226,29.731,1.813,0.966,4.927
Maricopa AZ,3,5,7,20.216,29.698,1.813,0.966,5.52
Maricopa AZ,3,5,8,20.184,29.656,1.81,0.966,6.085
Maricopa AZ,3,5,9,20.175,29.654,1.809,0.966,6.781
Maricopa AZ,3,5,10,20.163,29.652,1.808,0.966,7.449
Maricopa AZ,3,5,11,20.155,29.651,1.807,0.966,8.195
Maricopa AZ,3,5,12,20.155,29.649,1.807,0.966,9.059
Maricopa AZ,4,2,4,19.78,29.23,1.773,0.967,3.021
Maricopa AZ,4,3,4,20.229,30.042,1.81,0.965,3.456
Maricopa AZ,4,4,4,20.261,30.168,1.813,0.965,3.936
Maricopa AZ,4,5,4,20.573,30.497,1.842,0.964,4.485
Maricopa AZ,4,5,5,20.102,30.12,1.797,0.965,5.047
Maricopa AZ,4,5,6,20.015,30.01,1.79,0.965,5.749
Maricopa AZ,4,5,7,20.008,29.975,1.789,0.965,6.453
Maricopa AZ,4,5,8,19.977,29.936,1.786,0.965,7.145
Maricopa AZ,4,5,9,19.976,29.934,1.786,0.965,7.98
Maricopa AZ,4,5,10,19.967,29.93,1.785,0.965,9.082
Maricopa AZ,4,5,11,19.969,29.93,1.785,0.965,10.194
Maricopa AZ,4,5,12,19.968,29.929,1.785,0.965,11.189
Maricopa AZ,5,2,4,20.194,29.659,1.813,0.966,3.412
Maricopa AZ,5,2,5,19.719,29.268,1.767,0.967,3.802
Maricopa AZ,5,2,6,19.697,29.173,1.766,0.967,4.323
Maricopa AZ,5,2,7,19.7,29.147,1.766,0.967,4.801
Maricopa AZ,5,2,8,19.674,29.115,1.763,0.967,5.239
Maricopa AZ,5,2,9,19.665,29.109,1.763,0.967,5.754
Maricopa AZ,5,2,10,19.66,29.103,1.762,0.967,6.227
Maricopa AZ,5,2,11,19.657,29.1,1.762,0.967,6.891
Maricopa AZ,5,2,12,19.656,29.1,1.762,0.967,7.5
Maricopa AZ,5,3,4,20.626,30.414,1.849,0.964,3.956
Maricopa AZ,5,3,5,20.176,30.033,1.805,0.965,4.533
Maricopa AZ,5,3,6,20.119,29.943,1.801,0.965,5.041
Maricopa AZ,5,3,7,20.102,29.922,1.799,0.965,5.702
Maricopa AZ,5,3,8,20.088,29.891,1.798,0.965,6.247
Maricopa AZ,5,3,9,20.08,29.886,1.797,0.965,6.846
Maricopa AZ,5,3,10,20.071,29.881,1.796,0.965,7.546
Maricopa AZ,5,3,11,20.067,29.88,1.796,0.965,8.354
Maricopa AZ,5,3,12,20.066,29.879,1.796,0.965,9.171
Maricopa AZ,5,4,4,20.758,30.676,1.861,0.963,4.566
Maricopa AZ,5,4,5,20.326,30.295,1.819,0.964,5.128
Maricopa AZ,5,4,6,20.296,30.214,1.817,0.964,5.835
Maricopa AZ,5,4,7,20.296,30.193,1.817,0.964,6.578
Maricopa AZ,5,4,8,20.284,30.166,1.816,0.965,7.281
Maricopa AZ,5,4,9,20.275,30.163,1.815,0.965,8.064
Maricopa AZ,5,4,10,20.262,30.159,1.814,0.965,9.043
Maricopa AZ,5,4,11,20.257,30.157,1.814,0.965,10.09
Maricopa AZ,5,4,12,20.256,30.156,1.814,0.965,11.005
Maricopa AZ,5,5,4,21.162,31.119,1.899,0.962,5.089
Maricopa AZ,5,5,5,20.75,30.744,1.858,0.963,5.872
Maricopa AZ,5,5,6,20.684,30.661,1.853,0.963,6.645
Maricopa AZ,5,5,7,20.658,30.636,1.851,0.963,7.462
Maricopa AZ,5,5,8,20.624,30.604,1.848,0.964,8.535
Maricopa AZ,5,5,9,20.618,30.601,1.847,0.964,9.525
Maricopa AZ,5,5,10,20.616,30.597,1.847,0.964,10.67
Maricopa AZ,5,5,11,20.614,30.595,1.847,0.964,11.887
Maricopa AZ,5,5,12,20.616,30.594,1.847,0.964,12.944
King WA,2,2,3,6.512,9.578,1.179,0.94,2.179
King WA,2,3,3,6.581,9.63,1.193,0.939,2.27
King WA,2,4,3,6.629,9.684,1.203,0.939,2.248
King WA,2,5,3,6.612,9.67,1.2,0.939,2.524
King WA,2,6,3,6.612,9.68,1.2,0.939,2.792
King WA,2,6,4,6.527,9.587,1.184,0.94,3.175
King WA,2,6,5,6.236,9.308,1.128,0.943,3.703
King WA,2,6,6,6.222,9.297,1.125,0.944,4.117
King WA,2,6,7,6.211,9.289,1.123,0.944,4.687
King WA,2,6,8,6.198,9.281,1.121,0.944,5.174
King WA,2,6,9,6.198,9.281,1.121,0.944,5.727
King WA,2,6,10,6.198,9.281,1.121,0.944,6.373
King WA,2,6,11,6.196,9.278,1.12,0.944,6.946
King WA,2,6,12,6.193,9.272,1.12,0.944,7.798
King WA,3,2,3,6.452,9.546,1.168,0.94,2.304
King WA,3,3,3,6.565,9.635,1.19,0.939,2.603
King WA,3,4,3,6.635,9.757,1.203,0.938,2.915
King WA,3,5,3,6.633,9.756,1.203,0.938,3.253
King WA,3,6,3,6.609,9.76,1.199,0.938,3.653
King WA,3,6,4,6.504,9.662,1.178,0.939,4.234
King WA,3,6,5,6.186,9.378,1.117,0.943,4.824
King WA,3,6,6,6.163,9.364,1.113,0.943,5.477
King WA,3,6,7,6.141,9.355,1.109,0.943,6.22
King WA,3,6,8,6.134,9.347,1.107,0.943,6.891
King WA,3,6,9,6.134,9.347,1.107,0.943,7.759
King WA,3,6,10,6.132,9.347,1.107,0.943,8.695
King WA,3,6,11,6.129,9.344,1.106,0.943,10.329
King WA,3,6,12,6.127,9.338,1.106,0.943,11.2
King WA,4,2,3,6.643,9.709,1.204,0.938,2.526
King WA,4,3,3,6.748,9.816,1.224,0.937,2.917
King WA,4,4,3,6.804,9.934,1.234,0.936,3.269
King WA,4,5,3,6.823,9.939,1.238,0.935,3.706
King WA,4,6,3,6.787,9.96,1.232,0.935,4.216
King WA,4,6,4,6.675,9.862,1.211,0.936,4.826
King WA,4,6,5,6.401,9.582,1.158,0.94,5.574
King WA,4,6,6,6.386,9.571,1.156,0.94,6.26
King WA,4,6,7,6.373,9.561,1.153,0.94,7.196
King WA,4,6,8,6.365,9.554,1.151,0.94,8.129
King WA,4,6,9,6.365,9.554,1.151,0.94,9.255
King WA,4,6,10,6.362,9.554,1.151,0.94,10.361
King WA,4,6,11,6.359,9.552,1.15,0.94,11.541
King WA,4,6,12,6.353,9.545,1.149,0.94,12.613
King WA,5,2,3,6.613,9.605,1.199,0.94,2.784
King WA,5,3,3,6.711,9.707,1.218,0.938,3.203
King WA,5,4,3,6.801,9.883,1.234,0.936,3.731
King WA,5,5,3,6.918,9.983,1.255,0.935,4.237
King WA,5,6,3,6.895,10.042,1.251,0.934,4.776
King WA,5,6,4,6.789,9.94,1.231,0.935,5.612
King WA,5,6,5,6.426,9.647,1.162,0.939,6.429
King WA,5,6,6,6.409,9.633,1.159,0.939,7.374
King WA,5,6,7,6.396,9.623,1.156,0.94,8.451
King WA,5,6,8,6.385,9.615,1.154,0.94,9.62
King WA,5,6,9,6.386,9.614,1.154,0.94,10.879
King WA,5,6,10,6.383,9.614,1.154,0.94,12.023
King WA,5,6,11,6.38,9.612,1.153,0.94,13.43
King WA,5,6,12,6.378,9.604,1.153,0.94,14.708
King WA,6,2,3,6.709,9.708,1.218,0.938,3.056
King WA,6,2,4,6.62,9.607,1.202,0.94,3.531
King WA,6,2,5,6.29,9.303,1.138,0.943,4.038
King WA,6,2,6,6.276,9.289,1.135,0.944,4.598
King WA,6,2,7,6.254,9.278,1.131,0.944,5.16
King WA,6,2,8,6.249,9.268,1.13,0.944,5.7
King WA,6,2,9,6.251,9.268,1.131,0.944,6.356
King WA,6,2,10,6.248,9.268,1.13,0.944,7.113
King WA,6,2,11,6.244,9.265,1.129,0.944,7.827
King WA,6,2,12,6.236,9.258,1.128,0.944,8.655
King WA,6,3,3,6.845,9.86,1.245,0.936,3.227
King WA,6,3,4,6.792,9.76,1.235,0.938,3.774
King WA,6,3,5,6.451,9.451,1.17,0.942,4.329
King WA,6,3,6,6.452,9.437,1.17,0.942,4.907
King WA,6,3,7,6.434,9.426,1.166,0.942,5.578
King WA,6,3,8,6.428,9.416,1.165,0.942,6.178
King WA,6,3,9,6.429,9.416,1.165,0.942,6.916
King WA,6,3,10,6.423,9.416,1.164,0.942,7.717
King WA,6,3,11,6.42,9.413,1.163,0.942,8.585
King WA,6,3,12,6.412,9.406,1.162,0.942,9.476
King WA,6,4,3,6.971,10.021,1.266,0.934,3.801
King WA,6,4,4,6.896,9.918,1.252,0.936,4.382
King WA,6,4,5,6.525,9.614,1.182,0.94,4.972
King WA,6,4,6,6.517,9.599,1.18,0.94,5.764
King WA,6,4,7,6.497,9.588,1.177,0.94,6.486
King WA,6,4,8,6.48,9.578,1.173,0.94,7.283
King WA,6,4,9,6.479,9.578,1.173,0.94,8.245
King WA,6,4,10,6.475,9.578,1.172,0.94,9.243
King WA,6,4,11,6.472,9.576,1.172,0.94,10.179
King WA,6,4,12,6.463,9.568,1.17,0.94,11.162
King WA,6,5,3,7.148,10.204,1.298,0.932,4.344
King WA,6,5,4,7.067,10.108,1.283,0.933,5.023
King WA,6,5,5,6.709,9.815,1.215,0.937,5.78
King WA,6,5,6,6.699,9.799,1.213,0.937,6.582
King WA,6,5,7,6.68,9.789,1.209,0.937,7.623
King WA,6,5,8,6.667,9.779,1.207,0.938,8.619
King WA,6,5,9,6.667,9.779,1.207,0.938,9.732
King WA,6,5,10,6.666,9.779,1.207,0.938,10.786
King WA,6,5,11,6.663,9.777,1.206,0.938,11.946
King WA,6,5,12,6.655,9.769,1.205,0.938,13.174
King WA,6,6,3,7.117,10.261,1.293,0.931,4.873
King WA,6,6,4,7.035,10.16,1.278,0.933,5.684
King WA,6,6,5,6.69,9.875,1.212,0.936,6.613
King WA,6,6,6,6.681,9.862,1.211,0.936,7.672
King WA,6,6,7,6.669,9.852,1.208,0.937,8.813
King WA,6,6,8,6.658,9.844,1.206,0.937,10.388
King WA,6,6,9,6.658,9.843,1.206,0.937,10.869
King WA,6,6,10,6.654,9.843,1.205,0.937,12.18
King WA,6,6,11,6.648,9.841,1.204,0.937,13.855
King WA,6,6,12,6.646,9.833,1.204,0.937,15.598
Los Angeles CA,2,2,3,35.381,46.936,1.936,0.929,2.14
Los Angeles CA,2,3,3,35.401,46.872,1.939,0.929,2.409
Los Angeles CA,2,4,3,35.463,46.839,1.942,0.929,2.655
Los Angeles CA,2,5,3,35.563,46.995,1.948,0.928,2.929
Los Angeles CA,2,6,3,35.917,47.319,1.967,0.927,3.205
Los Angeles CA,2,6,4,35.778,47.124,1.957,0.928,3.65
Los Angeles CA,2,6,5,35.432,46.786,1.939,0.929,4.167
Los Angeles CA,2,6,6,35.422,46.77,1.938,0.929,4.684
Los Angeles CA,2,6,7,35.411,46.751,1.938,0.929,5.279
Los Angeles CA,2,6,8,35.373,46.73,1.935,0.929,5.847
Los Angeles CA,2,6,9,35.364,46.729,1.935,0.929,6.558
Los Angeles CA,2,6,10,35.369,46.722,1.935,0.929,7.241
Los Angeles CA,2,6,11,35.379,46.719,1.936,0.929,7.936
Los Angeles CA,2,6,12,35.368,46.714,1.935,0.929,8.725
Los Angeles CA,3,2,3,36.207,47.643,1.978,0.926,2.455
Los Angeles CA,3,3,3,36.34,47.634,1.987,0.926,2.699
Los Angeles CA,3,4,3,36.289,47.571,1.984,0.927,3.025
Los Angeles CA,3,5,3,36.349,47.652,1.988,0.926,3.376
Los Angeles CA,3,6,3,36.597,48.064,2.0,0.925,3.692
Los Angeles CA,3,6,4,36.399,47.902,1.988,0.926,4.252
Los Angeles CA,3,6,5,36.026,47.569,1.967,0.927,4.908
Los Angeles CA,3,6,6,36.008,47.556,1.966,0.927,5.55
Los Angeles CA,3,6,7,35.992,47.536,1.965,0.927,6.19
Los Angeles CA,3,6,8,35.963,47.513,1.964,0.927,7.011
Los Angeles CA,3,6,9,35.955,47.506,1.963,0.927,7.725
Los Angeles CA,3,6,10,35.958,47.494,1.963,0.927,8.626
Los Angeles CA,3,6,11,35.953,47.488,1.963,0.927,9.716
Los Angeles CA,3,6,12,35.944,47.481,1.962,0.927,10.717
Los Angeles CA,4,2,3,36.842,47.949,2.015,0.925,2.641
Los Angeles CA,4,3,3,36.915,47.998,2.022,0.925,3.001
Los Angeles CA,4,4,3,37.115,48.13,2.034,0.925,3.398
Los Angeles CA,4,5,3,37.522,48.646,2.056,0.923,3.761
Los Angeles CA,4,6,3,37.786,49.26,2.069,0.921,4.27
Los Angeles CA,4,6,4,37.559,49.099,2.055,0.922,4.949
Los Angeles CA,4,6,5,37.236,48.779,2.037,0.923,5.671
Los Angeles CA,4,6,6,37.206,48.756,2.035,0.923,6.481
Los Angeles CA,4,6,7,37.18,48.74,2.034,0.923,7.248
Los Angeles CA,4,6,8,37.171,48.711,2.033,0.923,8.198
Los Angeles CA,4,6,9,37.166,48.705,2.033,0.923,9.291
Los Angeles CA,4,6,10,37.162,48.692,2.033,0.923,10.475
Los Angeles CA,4,6,11,37.156,48.687,2.033,0.923,11.511
Los Angeles CA,4,6,12,37.15,48.679,2.032,0.923,12.585
Los Angeles CA,5,2,3,36.335,47.263,1.991,0.928,2.903
Los Angeles CA,5,3,3,36.604,47.637,2.007,0.926,3.318
Los Angeles CA,5,4,3,36.867,47.859,2.023,0.926,3.81
Los Angeles CA,5,5,3,37.344,48.488,2.05,0.924,4.348
Los Angeles CA,5,6,3,37.772,49.061,2.072,0.922,4.9
Los Angeles CA,5,6,4,37.465,48.875,2.054,0.923,5.674
Los Angeles CA,5,6,5,37.17,48.557,2.038,0.924,6.501
Los Angeles CA,5,6,6,37.152,48.534,2.036,0.924,7.452
Los Angeles CA,5,6,7,37.138,48.517,2.036,0.924,8.48
Los Angeles CA,5,6,8,37.122,48.488,2.035,0.924,9.616
Los Angeles CA,5,6,9,37.123,48.482,2.035,0.924,11.015
Los Angeles CA,5,6,10,37.115,48.469,2.034,0.924,12.144
Los Angeles CA,5,6,11,37.115,48.465,2.034,0.924,13.47
Los Angeles CA,5,6,12,37.109,48.456,2.034,0.924,14.875
Los Angeles CA,6,2,3,37.326,48.521,2.05,0.924,3.159
Los Angeles CA,6,2,4,37.006,48.29,2.031,0.924,3.634
Los Angeles CA,6,2,5,36.77,47.983,2.018,0.925,4.242
Los Angeles CA,6,2,6,36.735,47.957,2.016,0.925,4.723
Los Angeles CA,6,2,7,36.723,47.935,2.016,0.925,5.193
Los Angeles CA,6,2,8,36.698,47.917,2.014,0.926,5.799
Los Angeles CA,6,2,9,36.701,47.911,2.014,0.926,6.532
Los Angeles CA,6,2,10,36.698,47.901,2.014,0.926,7.231
Los Angeles CA,6,2,11,36.709,47.897,2.015,0.926,7.943
Los Angeles CA,6,2,12,36.691,47.888,2.014,0.926,8.664
Los Angeles CA,6,3,3,37.981,48.973,2.088,0.922,3.666
Los Angeles CA,6,3,4,37.607,48.758,2.066,0.923,4.307
Los Angeles CA,6,3,5,37.368,48.454,2.052,0.924,4.887
Los Angeles CA,6,3,6,37.331,48.428,2.05,0.924,5.521
Los Angeles CA,6,3,7,37.301,48.407,2.049,0.924,6.223
Los Angeles CA,6,3,8,37.288,48.384,2.048,0.924,6.985
Los Angeles CA,6,3,9,37.295,48.377,2.048,0.924,7.7
Los Angeles CA,6,3,10,37.282,48.367,2.048,0.924,8.715
Los Angeles CA,6,3,11,37.279,48.362,2.048,0.924,9.719
Los Angeles CA,6,3,12,37.263,48.353,2.047,0.924,10.832
Los Angeles CA,6,4,3,38.179,49.174,2.099,0.922,4.342
Los Angeles CA,6,4,4,37.797,48.956,2.077,0.922,5.036
Los Angeles CA,6,4,5,37.536,48.66,2.062,0.923,5.836
Los Angeles CA,6,4,6,37.479,48.635,2.059,0.923,6.785
Los Angeles CA,6,4,7,37.45,48.613,2.058,0.923,7.464
Los Angeles CA,6,4,8,37.438,48.59,2.057,0.923,8.318
Los Angeles CA,6,4,9,37.444,48.583,2.057,0.923,9.493
Los Angeles CA,6,4,10,37.444,48.572,2.057,0.923,10.567
Los Angeles CA,6,4,11,37.435,48.568,2.057,0.923,11.529
Los Angeles CA,6,4,12,37.423,48.559,2.056,0.924,12.588
Los Angeles CA,6,5,3,38.638,49.87,2.125,0.919,4.9
Los Angeles CA,6,5,4,38.325,49.67,2.107,0.92,5.693
Los Angeles CA,6,5,5,38.126,49.383,2.096,0.921,6.516
Los Angeles CA,6,5,6,38.044,49.359,2.091,0.921,7.439
Los Angeles CA,6,5,7,38.018,49.34,2.09,0.921,8.511
Los Angeles CA,6,5,8,38.004,49.315,2.089,0.921,9.633
Los Angeles CA,6,5,9,38.013,49.308,2.089,0.921,10.914
Los Angeles CA,6,5,10,38.005,49.297,2.089,0.921,12.119
Los Angeles CA,6,5,11,38.0,49.293,2.089,0.921,13.477
Los Angeles CA,6,5,12,37.992,49.285,2.088,0.921,14.788
Los Angeles CA,6,6,3,38.548,50.085,2.118,0.919,5.538
Los Angeles CA,6,6,4,38.263,49.875,2.101,0.919,6.474
Los Angeles CA,6,6,5,38.005,49.589,2.087,0.92,7.377
Los Angeles CA,6,6,6,37.973,49.558,2.085,0.92,8.581
Los Angeles CA,6,6,7,37.943,49.542,2.083,0.92,9.85
Los Angeles CA,6,6,8,37.942,49.516,2.083,0.92,11.235
Los Angeles CA,6,6,9,37.95,49.51,2.084,0.92,12.521
Los Angeles CA,6,6,10,37.941,49.499,2.083,0.921,13.988
Los Angeles CA,6,6,11,37.935,49.495,2.083,0.921,15.478
Los Angeles CA,6,6,12,37.922,49.486,2.082,0.921,17.663
Maricopa AZ,2,2,3,20.216,29.129,1.826,0.967,2.209
Maricopa AZ,2,3,3,20.491,29.697,1.848,0.966,2.461
Maricopa AZ,2,4,3,20.589,29.795,1.856,0.965,2.731
Maricopa AZ,2,5,3,20.841,30.082,1.879,0.965,2.952
Maricopa AZ,2,6,3,20.846,30.072,1.881,0.965,3.225
Maricopa AZ,2,6,4,20.599,29.892,1.858,0.965,3.652
Maricopa AZ,2,6,5,20.234,29.539,1.823,0.966,4.228
Maricopa AZ,2,6,6,20.145,29.431,1.816,0.966,4.759
Maricopa AZ,2,6,7,20.133,29.41,1.815,0.966,5.304
Maricopa AZ,2,6,8,20.116,29.372,1.813,0.966,5.953
Maricopa AZ,2,6,9,20.111,29.371,1.813,0.966,6.63
Maricopa AZ,2,6,10,20.105,29.369,1.812,0.966,7.249
Maricopa AZ,2,6,11,20.103,29.368,1.812,0.966,7.958
Maricopa AZ,2,6,12,20.104,29.367,1.812,0.966,8.825
Maricopa AZ,3,2,3,20.27,29.436,1.821,0.966,2.449
Maricopa AZ,3,3,3,20.634,30.018,1.853,0.965,2.771
Maricopa AZ,3,4,3,20.643,30.107,1.853,0.965,3.033
Maricopa AZ,3,5,3,20.961,30.401,1.882,0.964,3.386
Maricopa AZ,3,6,3,20.848,30.31,1.874,0.964,3.938
Maricopa AZ,3,6,4,20.505,30.132,1.842,0.965,4.333
Maricopa AZ,3,6,5,20.188,29.765,1.811,0.965,4.989
Maricopa AZ,3,6,6,20.101,29.651,1.804,0.966,5.612
Maricopa AZ,3,6,7,20.102,29.622,1.805,0.966,6.287
Maricopa AZ,3,6,8,20.055,29.579,1.8,0.966,7.034
Maricopa AZ,3,6,9,20.051,29.577,1.8,0.966,7.828
Maricopa AZ,3,6,10,20.056,29.575,1.8,0.966,8.76
Maricopa AZ,3,6,11,20.057,29.574,1.8,0.966,9.689
Maricopa AZ,3,6,12,20.057,29.572,1.8,0.966,10.819
Maricopa AZ,4,2,3,20.213,29.51,1.814,0.966,2.728
Maricopa AZ,4,3,3,20.62,30.298,1.847,0.964,3.055
Maricopa AZ,4,4,3,20.665,30.415,1.851,0.964,3.438
Maricopa AZ,4,5,3,20.99,30.733,1.88,0.963,3.875
Maricopa AZ,4,6,3,20.856,30.625,1.869,0.963,4.324
Maricopa AZ,4,6,4,20.398,30.402,1.826,0.964,5.013
Maricopa AZ,4,6,5,20.026,30.035,1.79,0.965,5.766
Maricopa AZ,4,6,6,19.92,29.921,1.781,0.965,6.646
Maricopa AZ,4,6,7,19.909,29.891,1.781,0.965,7.463
Maricopa AZ,4,6,8,19.88,29.853,1.778,0.965,8.341
Maricopa AZ,4,6,9,19.878,29.851,1.778,0.965,9.434
Maricopa AZ,4,6,10,19.867,29.849,1.777,0.965,10.522
Maricopa AZ,4,6,11,19.868,29.848,1.776,0.965,11.677
Maricopa AZ,4,6,12,19.866,29.848,1.776,0.965,12.771
Maricopa AZ,5,2,3,20.572,29.916,1.849,0.965,2.965
Maricopa AZ,5,3,3,20.987,30.651,1.884,0.963,3.404
Maricopa AZ,5,4,3,21.104,30.91,1.894,0.963,3.834
Maricopa AZ,5,5,3,21.498,31.335,1.93,0.962,4.372
Maricopa AZ,5,6,3,21.414,31.199,1.923,0.962,4.958
Maricopa AZ,5,6,4,21.041,30.993,1.889,0.963,5.816
Maricopa AZ,5,6,5,20.671,30.636,1.852,0.963,6.68
Maricopa AZ,5,6,6,20.595,30.541,1.845,0.964,7.525
Maricopa AZ,5,6,7,20.583,30.518,1.845,0.964,8.587
Maricopa AZ,5,6,8,20.535,30.484,1.84,0.964,9.782
Maricopa AZ,5,6,9,20.533,30.481,1.84,0.964,11.016
Maricopa AZ,5,6,10,20.524,30.477,1.839,0.964,12.288
Maricopa AZ,5,6,11,20.519,30.475,1.839,0.964,13.64
Maricopa AZ,5,6,12,20.518,30.475,1.839,0.964,14.911
Maricopa AZ,6,2,3,20.774,30.328,1.867,0.964,3.25
Maricopa AZ,6,2,4,20.397,30.087,1.831,0.965,3.685
Maricopa AZ,6,2,5,19.934,29.706,1.785,0.966,4.231
Maricopa AZ,6,2,6,19.913,29.614,1.784,0.966,4.845
Maricopa AZ,6,2,7,19.906,29.59,1.783,0.966,5.338
Maricopa AZ,6,2,8,19.868,29.557,1.78,0.966,5.942
Maricopa AZ,6,2,9,19.869,29.554,1.78,0.966,6.562
Maricopa AZ,6,2,10,19.864,29.548,1.779,0.966,7.277
Maricopa AZ,6,2,11,19.861,29.545,1.779,0.966,7.923
Maricopa AZ,6,2,12,19.857,29.545,1.779,0.966,8.833
Maricopa AZ,6,3,3,21.192,31.102,1.902,0.962,3.743
Maricopa AZ,6,3,4,20.859,30.858,1.869,0.963,4.403
Maricopa AZ,6,3,5,20.426,30.486,1.827,0.964,4.912
Maricopa AZ,6,3,6,20.397,30.404,1.824,0.964,5.646
Maricopa AZ,6,3,7,20.398,30.387,1.824,0.964,6.275
Maricopa AZ,6,3,8,20.379,30.36,1.823,0.964,7.065
Maricopa AZ,6,3,9,20.38,30.358,1.823,0.964,7.916
Maricopa AZ,6,3,10,20.372,30.353,1.822,0.964,8.753
Maricopa AZ,6,3,11,20.373,30.352,1.822,0.964,9.758
Maricopa AZ,6,3,12,20.37,30.351,1.822,0.964,10.766
Maricopa AZ,6,4,3,21.341,31.459,1.915,0.961,4.345
Maricopa AZ,6,4,4,21.036,31.225,1.885,0.962,4.999
Maricopa AZ,6,4,5,20.61,30.849,1.844,0.963,5.753
Maricopa AZ,6,4,6,20.616,30.776,1.845,0.963,6.62
Maricopa AZ,6,4,7,20.605,30.758,1.844,0.963,7.401
Maricopa AZ,6,4,8,20.579,30.732,1.842,0.963,8.291
Maricopa AZ,6,4,9,20.578,30.731,1.842,0.963,9.361
Maricopa AZ,6,4,10,20.571,30.727,1.841,0.963,10.528
Maricopa AZ,6,4,11,20.568,30.725,1.841,0.963,11.7
Maricopa AZ,6,4,12,20.567,30.724,1.84,0.963,12.762
Maricopa AZ,6,5,3,21.696,31.9,1.948,0.96,4.962
Maricopa AZ,6,5,4,21.473,31.688,1.926,0.961,5.735
Maricopa AZ,6,5,5,21.026,31.325,1.882,0.962,6.666
Maricopa AZ,6,5,6,21.004,31.247,1.881,0.962,7.528
Maricopa AZ,6,5,7,20.987,31.225,1.88,0.962,8.6
Maricopa AZ,6,5,8,20.95,31.194,1.876,0.962,9.784
Maricopa AZ,6,5,9,20.949,31.192,1.876,0.962,11.058
Maricopa AZ,6,5,10,20.94,31.189,1.875,0.962,12.225
Maricopa AZ,6,5,11,20.931,31.187,1.875,0.962,13.541
Maricopa AZ,6,5,12,20.931,31.186,1.874,0.962,15.01
Maricopa AZ,6,6,3,21.611,31.776,1.94,0.961,5.673
Maricopa AZ,6,6,4,21.347,31.585,1.915,0.961,6.637
Maricopa AZ,6,6,5,20.943,31.232,1.876,0.962,7.511
Maricopa AZ,6,6,6,20.906,31.145,1.872,0.962,8.69
Maricopa AZ,6,6,7,20.9,31.125,1.872,0.962,10.025
Maricopa AZ,6,6,8,20.863,31.093,1.869,0.962,11.382
Maricopa AZ,6,6,9,20.869,31.091,1.869,0.962,12.751
Maricopa AZ,6,6,10,20.862,31.088,1.869,0.962,14.284
Maricopa AZ,6,6,11,20.858,31.086,1.868,0.962,15.623
Maricopa AZ,6,6,12,20.855,31.085,1.868,0.962,17.75
Orange CA,2,2,3,6.84,9.461,0.587,0.957,1.961
Orange CA,2,3,3,6.915,9.493,0.593,0.956,2.175
Orange CA,2,4,3,6.955,9.538,0.596,0.956,2.398
Orange CA,2,5,3,7.006,9.593,0.601,0.956,2.658
Orange CA,2,6,3,7.016,9.603,0.602,0.955,2.927
Orange CA,2,6,4,6.941,9.576,0.595,0.956,3.321
Orange CA,2,6,5,6.801,9.437,0.583,0.957,3.755
Orange CA,2,6,6,6.789,9.421,0.582,0.957,4.276
Orange CA,2,6,7,6.776,9.413,0.581,0.957,4.708
Orange CA,2,6,8,6.763,9.398,0.58,0.957,5.278
Orange CA,2,6,9,6.762,9.397,0.58,0.957,5.874
Orange CA,2,6,10,6.76,9.396,0.579,0.957,6.433
Orange CA,2,6,11,6.76,9.394,0.579,0.957,7.194
Orange CA,2,6,12,6.76,9.394,0.579,0.957,7.902
Orange CA,3,2,3,6.85,9.402,0.588,0.957,2.112
Orange CA,3,3,3,6.883,9.403,0.59,0.957,2.415
Orange CA,3,4,3,6.93,9.458,0.594,0.957,2.795
Orange CA,3,5,3,6.96,9.514,0.597,0.956,3.014
Orange CA,3,6,3,6.969,9.541,0.598,0.956,3.331
Orange CA,3,6,4,6.907,9.517,0.592,0.956,3.878
Orange CA,3,6,5,6.775,9.377,0.581,0.957,4.388
Orange CA,3,6,6,6.762,9.359,0.58,0.958,4.95
Orange CA,3,6,7,6.752,9.352,0.579,0.958,5.553
Orange CA,3,6,8,6.729,9.336,0.577,0.958,6.262
Orange CA,3,6,9,6.727,9.336,0.577,0.958,6.927
Orange CA,3,6,10,6.723,9.334,0.576,0.958,7.791
Orange CA,3,6,11,6.723,9.333,0.576,0.958,8.723
Orange CA,3,6,12,6.722,9.332,0.576,0.958,9.55
Orange CA,4,2,3,6.934,9.511,0.595,0.956,2.385
Orange CA,4,3,3,6.978,9.526,0.598,0.956,2.723
Orange CA,4,4,3,7.046,9.593,0.604,0.956,3.049
Orange CA,4,5,3,7.073,9.676,0.606,0.955,3.431
Orange CA,4,6,3,7.083,9.71,0.607,0.954,3.937
Orange CA,4,6,4,7.015,9.695,0.601,0.955,4.571
Orange CA,4,6,5,6.871,9.556,0.589,0.956,5.105
Orange CA,4,6,6,6.861,9.537,0.588,0.956,6.107
Orange CA,4,6,7,6.853,9.53,0.587,0.956,6.497
Orange CA,4,6,8,6.837,9.514,0.586,0.956,7.26
Orange CA,4,6,9,6.837,9.514,0.586,0.956,8.277
Orange CA,4,6,10,6.834,9.513,0.586,0.956,9.337
Orange CA,4,6,11,6.833,9.511,0.585,0.956,10.269
Orange CA,4,6,12,6.833,9.511,0.585,0.956,11.236
Orange CA,5,2,3,6.953,9.468,0.597,0.957,2.626
Orange CA,5,3,3,7.007,9.494,0.601,0.956,2.986
Orange CA,5,4,3,7.063,9.558,0.606,0.956,3.409
Orange CA,5,5,3,7.09,9.619,0.608,0.955,3.925
Orange CA,5,6,3,7.108,9.682,0.61,0.955,4.433
Orange CA,5,6,4,7.036,9.681,0.603,0.955,5.08
Orange CA,5,6,5,6.871,9.545,0.589,0.956,5.864
Orange CA,5,6,6,6.865,9.527,0.588,0.956,6.652
Orange CA,5,6,7,6.846,9.521,0.587,0.956,7.577
Orange CA,5,6,8,6.835,9.503,0.586,0.956,8.672
Orange CA,5,6,9,6.834,9.504,0.586,0.956,9.728
Orange CA,5,6,10,6.83,9.503,0.585,0.956,10.802
Orange CA,5,6,11,6.828,9.502,0.585,0.956,12.101
Orange CA,5,6,12,6.826,9.501,0.585,0.956,13.382
Orange CA,6,2,3,6.928,9.401,0.595,0.957,2.849
Orange CA,6,2,4,6.901,9.419,0.592,0.957,3.356
Orange CA,6,2,5,6.708,9.275,0.575,0.958,3.828
Orange CA,6,2,6,6.69,9.256,0.574,0.959,4.235
Orange CA,6,2,7,6.68,9.25,0.573,0.959,4.76
Orange CA,6,2,8,6.663,9.231,0.571,0.959,5.242
Orange CA,6,2,9,6.662,9.231,0.571,0.959,5.956
Orange CA,6,2,10,6.66,9.23,0.571,0.959,6.512
Orange CA,6,2,11,6.661,9.229,0.571,0.959,7.232
Orange CA,6,2,12,6.658,9.228,0.571,0.959,7.848
Orange CA,6,3,3,6.96,9.419,0.597,0.957,3.366
Orange CA,6,3,4,6.923,9.44,0.594,0.957,3.893
Orange CA,6,3,5,6.739,9.298,0.578,0.958,4.369
Orange CA,6,3,6,6.727,9.279,0.577,0.958,4.995
Orange CA,6,3,7,6.716,9.273,0.576,0.958,5.573
Orange CA,6,3,8,6.698,9.254,0.574,0.959,6.25
Orange CA,6,3,9,6.695,9.255,0.574,0.959,6.943
Orange CA,6,3,10,6.693,9.254,0.574,0.959,7.873
Orange CA,6,3,11,6.691,9.252,0.573,0.959,8.701
Orange CA,6,3,12,6.688,9.252,0.573,0.959,9.573
Orange CA,6,4,3,7.021,9.479,0.602,0.957,3.941
Orange CA,6,4,4,6.976,9.497,0.598,0.956,4.439
Orange CA,6,4,5,6.796,9.355,0.583,0.958,5.085
Orange CA,6,4,6,6.783,9.336,0.581,0.958,5.804
Orange CA,6,4,7,6.77,9.33,0.58,0.958,6.536
Orange CA,6,4,8,6.758,9.312,0.579,0.958,7.409
Orange CA,6,4,9,6.754,9.312,0.579,0.958,8.292
Orange CA,6,4,10,6.753,9.311,0.579,0.958,9.407
Orange CA,6,4,11,6.752,9.31,0.579,0.958,10.322
Orange CA,6,4,12,6.75,9.309,0.578,0.958,11.286
Orange CA,6,5,3,7.104,9.567,0.609,0.956,4.387
Orange CA,6,5,4,7.045,9.577,0.604,0.956,5.091
Orange CA,6,5,5,6.865,9.437,0.588,0.957,5.874
Orange CA,6,5,6,6.853,9.419,0.587,0.957,6.679
Orange CA,6,5,7,6.848,9.413,0.587,0.957,7.552
Orange CA,6,5,8,6.833,9.395,0.586,0.957,8.803
Orange CA,6,5,9,6.835,9.395,0.586,0.957,9.84
Orange CA,6,5,10,6.835,9.394,0.586,0.957,10.824
Orange CA,6,5,11,6.834,9.393,0.586,0.957,12.001
Orange CA,6,5,12,6.831,9.392,0.585,0.957,13.288
Orange CA,6,6,3,7.074,9.504,0.607,0.956,4.985
Orange CA,6,6,4,7.01,9.514,0.601,0.956,5.801
Orange CA,6,6,5,6.823,9.376,0.585,0.957,6.679
Orange CA,6,6,6,6.808,9.358,0.584,0.958,7.665
Orange CA,6,6,7,6.797,9.351,0.583,0.958,8.791
Orange CA,6,6,8,6.785,9.334,0.581,0.958,10.458
Orange CA,6,6,9,6.786,9.334,0.582,0.958,11.227
Orange CA,6,6,10,6.786,9.334,0.582,0.958,12.465
Orange CA,6,6,11,6.784,9.332,0.581,0.958,13.858
Orange CA,6,6,12,6.781,9.331,0.581,0.958,15.831
Riverside CA,2,2,3,9.649,14.389,1.859,0.897,2.241
Riverside CA,2,3,3,9.684,14.369,1.865,0.897,2.553
Riverside CA,2,4,3,9.714,14.399,1.871,0.897,2.793
Riverside CA,2,5,3,9.715,14.43,1.871,0.897,3.043
Riverside CA,2,6,3,9.667,14.436,1.859,0.897,3.288
Riverside CA,2,6,4,9.607,14.351,1.848,0.898,3.737
Riverside CA,2,6,5,9.534,14.323,1.833,0.898,4.273
Riverside CA,2,6,6,9.521,14.307,1.831,0.898,4.868
Riverside CA,2,6,7,9.519,14.304,1.83,0.898,5.45
Riverside CA,2,6,8,9.508,14.296,1.828,0.899,5.976
Riverside CA,2,6,9,9.508,14.295,1.828,0.899,6.678
Riverside CA,2,6,10,9.506,14.295,1.828,0.899,7.332
Riverside CA,2,6,11,9.502,14.295,1.827,0.899,8.034
Riverside CA,2,6,12,9.501,14.295,1.827,0.899,8.835
Riverside CA,3,2,3,9.323,14.091,1.798,0.901,2.543
Riverside CA,3,3,3,9.318,14.064,1.796,0.902,2.835
Riverside CA,3,4,3,9.382,14.119,1.809,0.901,3.132
Riverside CA,3,5,3,9.411,14.171,1.815,0.9,3.472
Riverside CA,3,6,3,9.415,14.181,1.815,0.9,3.793
Riverside CA,3,6,4,9.332,14.086,1.799,0.901,4.393
Riverside CA,3,6,5,9.267,14.059,1.785,0.902,5.023
Riverside CA,3,6,6,9.255,14.038,1.783,0.902,5.669
Riverside CA,3,6,7,9.251,14.034,1.782,0.902,6.332
Riverside CA,3,6,8,9.235,14.023,1.779,0.902,7.112
Riverside CA,3,6,9,9.234,14.021,1.779,0.902,7.939
Riverside CA,3,6,10,9.231,14.02,1.778,0.902,8.86
Riverside CA,3,6,11,9.229,14.02,1.778,0.902,9.832
Riverside CA,3,6,12,9.23,14.019,1.778,0.902,10.854
Riverside CA,4,2,3,8.629,13.083,1.666,0.915,2.803
Riverside CA,4,3,3,8.602,13.069,1.661,0.915,3.129
Riverside CA,4,4,3,8.65,13.09,1.671,0.915,3.511
Riverside CA,4,5,3,8.676,13.162,1.675,0.914,3.957
Riverside CA,4,6,3,8.704,13.218,1.681,0.913,4.416
Riverside CA,4,6,4,8.638,13.151,1.667,0.914,5.089
Riverside CA,4,6,5,8.575,13.114,1.654,0.915,5.794
Riverside CA,4,6,6,8.555,13.097,1.65,0.915,6.587
Riverside CA,4,6,7,8.549,13.093,1.649,0.915,7.445
Riverside CA,4,6,8,8.544,13.081,1.648,0.915,8.352
Riverside CA,4,6,9,8.545,13.081,1.648,0.915,9.403
Riverside CA,4,6,10,8.546,13.081,1.649,0.915,10.569
Riverside CA,4,6,11,8.543,13.08,1.648,0.915,12.149
Riverside CA,4,6,12,8.542,13.079,1.648,0.915,12.745
Riverside CA,5,2,3,8.941,13.408,1.728,0.911,3.007
Riverside CA,5,3,3,8.898,13.358,1.721,0.911,3.48
Riverside CA,5,4,3,8.912,13.349,1.724,0.912,3.925
Riverside CA,5,5,3,8.883,13.397,1.717,0.911,4.489
Riverside CA,5,6,3,8.934,13.502,1.729,0.909,5.022
Riverside CA,5,6,4,8.874,13.447,1.717,0.91,5.799
Riverside CA,5,6,5,8.797,13.408,1.701,0.911,6.676
Riverside CA,5,6,6,8.783,13.388,1.698,0.911,7.668
Riverside CA,5,6,7,8.769,13.383,1.696,0.911,8.608
Riverside CA,5,6,8,8.767,13.37,1.695,0.911,9.823
Riverside CA,5,6,9,8.766,13.369,1.695,0.911,11.096
Riverside CA,5,6,10,8.765,13.369,1.695,0.911,12.248
Riverside CA,5,6,11,8.761,13.367,1.694,0.911,13.616
Riverside CA,5,6,12,8.761,13.367,1.694,0.911,14.971
Riverside CA,6,2,3,9.048,13.604,1.757,0.908,3.32
Riverside CA,6,2,4,8.998,13.55,1.747,0.909,3.751
Riverside CA,6,2,5,8.929,13.514,1.733,0.909,4.282
Riverside CA,6,2,6,8.9,13.492,1.727,0.91,4.87
Riverside CA,6,2,7,8.892,13.489,1.726,0.91,5.376
Riverside CA,6,2,8,8.883,13.475,1.724,0.91,5.952
Riverside CA,6,2,9,8.885,13.476,1.724,0.91,6.659
Riverside CA,6,2,10,8.886,13.475,1.725,0.91,7.268
Riverside CA,6,2,11,8.883,13.474,1.724,0.91,8.009
Riverside CA,6,2,12,8.881,13.473,1.724,0.91,8.831
Riverside CA,6,3,3,9.015,13.5,1.752,0.91,3.803
Riverside CA,6,3,4,8.969,13.443,1.743,0.91,4.421
Riverside CA,6,3,5,8.897,13.408,1.728,0.911,5.058
Riverside CA,6,3,6,8.872,13.387,1.723,0.911,5.649
Riverside CA,6,3,7,8.862,13.384,1.722,0.911,6.276
Riverside CA,6,3,8,8.86,13.37,1.721,0.911,7.102
Riverside CA,6,3,9,8.86,13.371,1.721,0.911,7.848
Riverside CA,6,3,10,8.86,13.37,1.721,0.911,8.777
Riverside CA,6,3,11,8.854,13.369,1.72,0.911,9.754
Riverside CA,6,3,12,8.853,13.369,1.72,0.911,10.778
Riverside CA,6,4,3,9.051,13.522,1.759,0.909,4.422
Riverside CA,6,4,4,8.991,13.466,1.747,0.91,5.064
Riverside CA,6,4,5,8.923,13.43,1.733,0.91,5.811
Riverside CA,6,4,6,8.897,13.409,1.729,0.911,6.926
Riverside CA,6,4,7,8.891,13.405,1.728,0.911,7.402
Riverside CA,6,4,8,8.885,13.391,1.726,0.911,8.36
Riverside CA,6,4,9,8.884,13.392,1.726,0.911,9.397
Riverside CA,6,4,10,8.884,13.391,1.726,0.911,10.523
Riverside CA,6,4,11,8.881,13.39,1.726,0.911,11.662
Riverside CA,6,4,12,8.881,13.389,1.725,0.911,12.765
Riverside CA,6,5,3,9.064,13.549,1.762,0.909,5.016
Riverside CA,6,5,4,9.001,13.49,1.749,0.91,5.744
Riverside CA,6,5,5,8.94,13.457,1.737,0.91,6.722
Riverside CA,6,5,6,8.912,13.435,1.731,0.91,7.546
Riverside CA,6,5,7,8.903,13.431,1.73,0.91,8.636
Riverside CA,6,5,8,8.895,13.417,1.728,0.911,9.829
Riverside CA,6,5,9,8.896,13.417,1.728,0.911,11.068
Riverside CA,6,5,10,8.896,13.417,1.728,0.911,12.193
Riverside CA,6,5,11,8.89,13.416,1.727,0.911,13.596
Riverside CA,6,5,12,8.89,13.415,1.727,0.911,14.885
Riverside CA,6,6,3,9.032,13.663,1.757,0.907,5.656
Riverside CA,6,6,4,8.975,13.611,1.746,0.908,6.642
Riverside CA,6,6,5,8.907,13.576,1.732,0.908,7.561
Riverside CA,6,6,6,8.889,13.557,1.729,0.909,8.724
Riverside CA,6,6,7,8.879,13.552,1.727,0.909,10.096
Riverside CA,6,6,8,8.865,13.539,1.724,0.909,11.474
Riverside CA,6,6,9,8.865,13.539,1.724,0.909,12.706
Riverside CA,6,6,10,8.864,13.538,1.724,0.909,14.161
Riverside CA,6,6,11,8.861,13.537,1.724,0.909,15.621
Riverside CA,6,6,12,8.86,13.536,1.723,0.909,17.868
Salt Lake UT,2,2,3,2.515,3.315,0.635,0.955,1.999
Salt Lake UT,2,3,3,2.484,3.255,0.627,0.957,2.207
Salt Lake UT,2,4,3,2.479,3.249,0.626,0.957,2.399
Salt Lake UT,2,5,3,2.49,3.256,0.629,0.957,2.644
Salt Lake UT,2,6,3,2.499,3.264,0.632,0.957,2.894
Salt Lake UT,2,6,4,2.439,3.215,0.616,0.958,3.285
Salt Lake UT,2,6,5,2.364,3.146,0.597,0.96,3.747
Salt Lake UT,2,6,6,2.355,3.139,0.595,0.96,4.257
Salt Lake UT,2,6,7,2.343,3.128,0.592,0.96,4.715
Salt Lake UT,2,6,8,2.34,3.124,0.591,0.96,5.209
Salt Lake UT,2,6,9,2.338,3.123,0.59,0.96,5.817
Salt Lake UT,2,6,10,2.337,3.122,0.59,0.96,6.377
Salt Lake UT,2,6,11,2.336,3.122,0.59,0.96,7.029
Salt Lake UT,2,6,12,2.335,3.122,0.59,0.96,7.77
Salt Lake UT,3,2,3,2.526,3.313,0.638,0.955,2.171
Salt Lake UT,3,3,3,2.489,3.251,0.629,0.957,2.442
Salt Lake UT,3,4,3,2.496,3.257,0.631,0.957,2.734
Salt Lake UT,3,5,3,2.51,3.268,0.634,0.956,3.035
Salt Lake UT,3,6,3,2.518,3.277,0.636,0.956,3.314
Salt Lake UT,3,6,4,2.468,3.225,0.623,0.958,3.86
Salt Lake UT,3,6,5,2.392,3.155,0.604,0.959,4.394
Salt Lake UT,3,6,6,2.384,3.147,0.602,0.96,4.961
Salt Lake UT,3,6,7,2.376,3.136,0.6,0.96,5.555
Salt Lake UT,3,6,8,2.372,3.133,0.599,0.96,6.248
Salt Lake UT,3,6,9,2.37,3.132,0.598,0.96,6.899
Salt Lake UT,3,6,10,2.369,3.131,0.598,0.96,7.723
Salt Lake UT,3,6,11,2.369,3.131,0.598,0.96,8.556
Salt Lake UT,3,6,12,2.369,3.131,0.598,0.96,9.499
Salt Lake UT,4,2,3,2.491,3.284,0.629,0.956,2.423
Salt Lake UT,4,3,3,2.438,3.212,0.616,0.958,2.752
Salt Lake UT,4,4,3,2.453,3.235,0.619,0.957,3.068
Salt Lake UT,4,5,3,2.484,3.256,0.627,0.957,3.421
Salt Lake UT,4,6,3,2.503,3.273,0.632,0.956,3.869
Salt Lake UT,4,6,4,2.458,3.223,0.62,0.958,4.438
Salt Lake UT,4,6,5,2.379,3.153,0.6,0.959,5.116
Salt Lake UT,4,6,6,2.374,3.144,0.599,0.96,5.88
Salt Lake UT,4,6,7,2.365,3.135,0.596,0.96,6.685
Salt Lake UT,4,6,8,2.36,3.13,0.595,0.96,7.353
Salt Lake UT,4,6,9,2.358,3.13,0.595,0.96,8.292
Salt Lake UT,4,6,10,2.357,3.129,0.594,0.96,9.27
Salt Lake UT,4,6,11,2.357,3.129,0.594,0.96,10.209
Salt Lake UT,4,6,12,2.357,3.129,0.594,0.96,11.208
Salt Lake UT,5,2,3,2.491,3.283,0.628,0.956,2.63
Salt Lake UT,5,3,3,2.434,3.212,0.614,0.958,3.02
Salt Lake UT,5,4,3,2.455,3.242,0.62,0.957,3.441
Salt Lake UT,5,5,3,2.482,3.258,0.627,0.957,3.954
Salt Lake UT,5,6,3,2.507,3.278,0.633,0.956,4.369
Salt Lake UT,5,6,4,2.465,3.223,0.622,0.958,5.075
Salt Lake UT,5,6,5,2.388,3.153,0.602,0.959,5.86
Salt Lake UT,5,6,6,2.381,3.144,0.6,0.96,6.622
Salt Lake UT,5,6,7,2.368,3.134,0.597,0.96,7.567
Salt Lake UT,5,6,8,2.362,3.129,0.596,0.96,8.597
Salt Lake UT,5,6,9,2.361,3.129,0.595,0.96,9.672
Salt Lake UT,5,6,10,2.36,3.128,0.595,0.96,10.782
Salt Lake UT,5,6,11,2.359,3.128,0.595,0.96,11.966
Salt Lake UT,5,6,12,2.359,3.127,0.595,0.96,13.107
Salt Lake UT,6,2,3,2.43,3.203,0.613,0.958,2.892
Salt Lake UT,6,2,4,2.364,3.135,0.596,0.96,3.287
Salt Lake UT,6,2,5,2.294,3.071,0.578,0.962,3.739
Salt Lake UT,6,2,6,2.284,3.06,0.576,0.962,4.25
Salt Lake UT,6,2,7,2.268,3.051,0.572,0.962,4.718
Salt Lake UT,6,2,8,2.261,3.046,0.57,0.962,5.377
Salt Lake UT,6,2,9,2.26,3.045,0.569,0.962,5.831
Salt Lake UT,6,2,10,2.26,3.044,0.569,0.962,6.381
Salt Lake UT,6,2,11,2.26,3.044,0.569,0.962,7.057
Salt Lake UT,6,2,12,2.259,3.044,0.569,0.962,7.743
Salt Lake UT,6,3,3,2.407,3.176,0.608,0.959,3.321
Salt Lake UT,6,3,4,2.339,3.104,0.59,0.961,3.897
Salt Lake UT,6,3,5,2.27,3.04,0.573,0.962,4.386
Salt Lake UT,6,3,6,2.26,3.029,0.57,0.963,4.961
Salt Lake UT,6,3,7,2.245,3.02,0.566,0.963,5.574
Salt Lake UT,6,3,8,2.239,3.015,0.565,0.963,6.219
Salt Lake UT,6,3,9,2.238,3.014,0.564,0.963,6.936
Salt Lake UT,6,3,10,2.237,3.013,0.564,0.963,7.799
Salt Lake UT,6,3,11,2.237,3.013,0.564,0.963,8.563
Salt Lake UT,6,3,12,2.237,3.013,0.564,0.963,9.47
Salt Lake UT,6,4,3,2.435,3.217,0.615,0.958,3.859
Salt Lake UT,6,4,4,2.366,3.148,0.597,0.96,4.468
Salt Lake UT,6,4,5,2.304,3.083,0.582,0.961,5.086
Salt Lake UT,6,4,6,2.291,3.073,0.578,0.961,5.869
Salt Lake UT,6,4,7,2.278,3.064,0.575,0.962,6.499
Salt Lake UT,6,4,8,2.272,3.058,0.573,0.962,7.328
Salt Lake UT,6,4,9,2.27,3.058,0.573,0.962,8.342
Salt Lake UT,6,4,10,2.27,3.057,0.573,0.962,9.356
Salt Lake UT,6,4,11,2.27,3.057,0.573,0.962,10.245
Salt Lake UT,6,4,12,2.27,3.057,0.573,0.962,11.118
Salt Lake UT,6,5,3,2.463,3.232,0.622,0.957,4.223
Salt Lake UT,6,5,4,2.394,3.169,0.604,0.959,4.845
Salt Lake UT,6,5,5,2.33,3.102,0.588,0.961,5.693
Salt Lake UT,6,5,6,2.319,3.093,0.585,0.961,6.505
Salt Lake UT,6,5,7,2.308,3.083,0.582,0.961,7.444
Salt Lake UT,6,5,8,2.3,3.078,0.58,0.961,8.625
Salt Lake UT,6,5,9,2.299,3.078,0.58,0.961,9.726
Salt Lake UT,6,5,10,2.297,3.077,0.58,0.961,10.75
Salt Lake UT,6,5,11,2.297,3.077,0.58,0.961,11.984
Salt Lake UT,6,5,12,2.297,3.077,0.58,0.961,13.125
Salt Lake UT,6,6,3,2.482,3.244,0.627,0.957,4.949
Salt Lake UT,6,6,4,2.423,3.188,0.611,0.959,5.769
Salt Lake UT,6,6,5,2.359,3.119,0.595,0.96,6.945
Salt Lake UT,6,6,6,2.351,3.111,0.593,0.961,7.66
Salt Lake UT,6,6,7,2.336,3.102,0.589,0.961,8.767
Salt Lake UT,6,6,8,2.33,3.097,0.588,0.961,9.99
Salt Lake UT,6,6,9,2.328,3.096,0.587,0.961,11.305
Salt Lake UT,6,6,10,2.327,3.095,0.587,0.961,12.508
Salt Lake UT,6,6,11,2.326,3.096,0.587,0.961,13.686
Salt Lake UT,6,6,12,2.326,3.095,0.587,0.961,15.759
King WA,2,2,2,6.581,9.652,1.192,0.939,2.037
King WA,2,3,2,6.646,9.706,1.205,0.938,2.027
King WA,2,4,2,6.686,9.759,1.213,0.938,2.011
King WA,2,5,2,6.673,9.748,1.211,0.938,2.158
King WA,2,6,2,6.651,9.73,1.207,0.938,2.363
King WA,3,2,2,6.498,9.618,1.176,0.94,2.006
King WA,3,3,2,6.608,9.708,1.197,0.938,2.242
King WA,3,4,2,6.679,9.829,1.211,0.937,2.513
King WA,3,5,2,6.685,9.831,1.212,0.937,2.752
King WA,3,6,2,6.66,9.809,1.208,0.937,3.026
King WA,4,2,2,6.671,9.776,1.209,0.938,2.253
King WA,4,3,2,6.781,9.886,1.23,0.936,2.485
King WA,4,4,2,6.838,10.004,1.24,0.935,2.781
King WA,4,5,2,6.851,10.009,1.243,0.935,3.119
King WA,4,6,2,6.816,10.005,1.237,0.935,3.465
King WA,5,2,2,6.662,9.677,1.208,0.939,2.407
King WA,5,3,2,6.777,9.785,1.23,0.937,2.74
King WA,5,4,2,6.848,9.959,1.242,0.935,3.133
King WA,5,5,2,6.966,10.057,1.264,0.934,3.502
King WA,5,6,2,6.929,10.091,1.257,0.933,3.971
King WA,6,2,2,6.791,9.786,1.233,0.937,2.595
King WA,6,3,2,6.933,9.942,1.261,0.935,2.747
King WA,6,4,2,7.036,10.101,1.278,0.933,3.106
King WA,6,5,2,7.204,10.282,1.309,0.931,3.587
King WA,6,6,2,7.171,10.314,1.303,0.931,4.05
Los Angeles CA,2,2,2,36.04,47.31,1.974,0.927,1.973
Los Angeles CA,2,3,2,36.058,47.235,1.977,0.928,2.17
Los Angeles CA,2,4,2,36.1,47.2,1.98,0.928,2.356
Los Angeles CA,2,5,2,36.199,47.392,1.986,0.927,2.551
Los Angeles CA,2,6,2,36.642,47.778,2.009,0.926,2.763
Los Angeles CA,3,2,2,36.694,47.966,2.008,0.925,2.155
Los Angeles CA,3,3,2,36.838,47.947,2.018,0.925,2.402
Los Angeles CA,3,4,2,36.782,47.883,2.015,0.926,2.644
Los Angeles CA,3,5,2,36.88,47.998,2.02,0.925,2.915
Los Angeles CA,3,6,2,37.162,48.479,2.034,0.924,3.147
Los Angeles CA,4,2,2,37.304,48.267,2.043,0.924,2.379
Los Angeles CA,4,3,2,37.398,48.297,2.051,0.924,2.635
Los Angeles CA,4,4,2,37.592,48.437,2.062,0.924,2.891
Los Angeles CA,4,5,2,37.982,48.988,2.084,0.922,3.255
Los Angeles CA,4,6,2,38.377,49.66,2.104,0.92,3.576
Los Angeles CA,5,2,2,36.765,47.588,2.016,0.927,2.554
Los Angeles CA,5,3,2,37.119,47.962,2.038,0.925,2.866
Los Angeles CA,5,4,2,37.382,48.19,2.053,0.925,3.234
Los Angeles CA,5,5,2,37.903,48.839,2.082,0.923,3.642
Los Angeles CA,5,6,2,38.349,49.478,2.106,0.921,4.118
Los Angeles CA,6,2,2,37.86,48.866,2.081,0.923,2.731
Los Angeles CA,6,3,2,38.438,49.313,2.115,0.921,3.156
Los Angeles CA,6,4,2,38.613,49.512,2.125,0.92,3.583
Los Angeles CA,6,5,2,39.097,50.237,2.152,0.918,4.153
Los Angeles CA,6,6,2,39.137,50.533,2.153,0.917,4.658
Maricopa AZ,2,2,2,20.466,29.665,1.85,0.966,2.028
Maricopa AZ,2,3,2,20.719,30.195,1.87,0.964,2.221
Maricopa AZ,2,4,2,20.811,30.294,1.878,0.964,2.39
Maricopa AZ,2,5,2,21.007,30.554,1.896,0.964,2.536
Maricopa AZ,2,6,2,20.982,30.532,1.895,0.964,2.843
Maricopa AZ,3,2,2,20.62,29.95,1.855,0.965,2.206
Maricopa AZ,3,3,2,20.95,30.515,1.883,0.964,2.47
Maricopa AZ,3,4,2,20.994,30.606,1.887,0.964,2.63
Maricopa AZ,3,5,2,21.252,30.869,1.911,0.963,2.975
Maricopa AZ,3,6,2,21.115,30.746,1.899,0.963,3.227
Maricopa AZ,4,2,2,20.519,29.982,1.843,0.965,2.403
Maricopa AZ,4,3,2,20.864,30.749,1.87,0.963,2.677
Maricopa AZ,4,4,2,20.929,30.862,1.876,0.963,3.011
Maricopa AZ,4,5,2,21.185,31.15,1.899,0.962,3.331
Maricopa AZ,4,6,2,21.037,31.004,1.886,0.963,3.715
Maricopa AZ,5,2,2,20.856,30.354,1.876,0.964,2.62
Maricopa AZ,5,3,2,21.238,31.082,1.907,0.962,2.967
Maricopa AZ,5,4,2,21.389,31.333,1.921,0.962,3.357
Maricopa AZ,5,5,2,21.711,31.729,1.951,0.961,3.727
Maricopa AZ,5,6,2,21.584,31.58,1.939,0.961,4.183
Maricopa AZ,6,2,2,21.013,30.732,1.891,0.963,2.858
Maricopa AZ,6,3,2,21.471,31.5,1.928,0.961,3.223
Maricopa AZ,6,4,2,21.617,31.862,1.942,0.96,3.647
Maricopa AZ,6,5,2,21.921,32.266,1.969,0.959,3.759
Maricopa AZ,6,6,2,21.841,32.144,1.962,0.96,4.785
Orange CA,2,2,2,7.128,9.643,0.612,0.955,1.774
Orange CA,2,3,2,7.178,9.67,0.617,0.955,1.958
Orange CA,2,4,2,7.231,9.72,0.621,0.954,2.124
Orange CA,2,5,2,7.279,9.769,0.626,0.954,2.283
Orange CA,2,6,2,7.288,9.775,0.626,0.954,2.503
Orange CA,3,2,2,7.132,9.592,0.613,0.956,1.946
Orange CA,3,3,2,7.148,9.589,0.614,0.956,2.176
Orange CA,3,4,2,7.212,9.646,0.62,0.955,2.378
Orange CA,3,5,2,7.254,9.698,0.623,0.955,2.636
Orange CA,3,6,2,7.265,9.724,0.625,0.954,2.846
Orange CA,4,2,2,7.162,9.698,0.615,0.955,2.121
Orange CA,4,3,2,7.209,9.71,0.619,0.954,2.437
Orange CA,4,4,2,7.281,9.777,0.625,0.954,2.631
Orange CA,4,5,2,7.335,9.853,0.63,0.953,2.924
Orange CA,4,6,2,7.351,9.886,0.632,0.953,3.233
Orange CA,5,2,2,7.16,9.643,0.615,0.955,2.313
Orange CA,5,3,2,7.195,9.666,0.618,0.955,2.613
Orange CA,5,4,2,7.249,9.73,0.623,0.954,2.961
Orange CA,5,5,2,7.279,9.786,0.625,0.954,3.297
Orange CA,5,6,2,7.309,9.852,0.628,0.953,3.721
Orange CA,6,2,2,7.171,9.575,0.617,0.956,2.499
Orange CA,6,3,2,7.201,9.589,0.619,0.956,2.85
Orange CA,6,4,2,7.244,9.649,0.623,0.955,3.253
Orange CA,6,5,2,7.323,9.735,0.629,0.954,3.724
Orange CA,6,6,2,7.282,9.676,0.626,0.955,4.214
Riverside CA,2,2,2,9.732,14.491,1.876,0.896,2.085
Riverside CA,2,3,2,9.757,14.462,1.88,0.896,2.268
Riverside CA,2,4,2,9.784,14.493,1.886,0.896,2.485
Riverside CA,2,5,2,9.797,14.526,1.888,0.895,2.674
Riverside CA,2,6,2,9.743,14.529,1.876,0.895,2.875
Riverside CA,3,2,2,9.392,14.187,1.813,0.9,2.286
Riverside CA,3,3,2,9.389,14.152,1.812,0.901,2.504
Riverside CA,3,4,2,9.448,14.209,1.823,0.9,2.757
Riverside CA,3,5,2,9.476,14.262,1.829,0.899,3.036
Riverside CA,3,6,2,9.502,14.27,1.834,0.899,3.275
Riverside CA,4,2,2,8.705,13.178,1.682,0.914,2.473
Riverside CA,4,3,2,8.68,13.162,1.678,0.914,2.772
Riverside CA,4,4,2,8.733,13.182,1.689,0.914,3.069
Riverside CA,4,5,2,8.769,13.25,1.695,0.913,3.401
Riverside CA,4,6,2,8.82,13.312,1.706,0.912,3.722
Riverside CA,5,2,2,9.006,13.491,1.742,0.91,2.707
Riverside CA,5,3,2,8.949,13.436,1.732,0.91,3.018
Riverside CA,5,4,2,8.972,13.428,1.737,0.91,3.405
Riverside CA,5,5,2,8.976,13.471,1.737,0.91,3.785
Riverside CA,5,6,2,9.037,13.586,1.751,0.908,4.257
Riverside CA,6,2,2,9.126,13.684,1.774,0.907,2.866
Riverside CA,6,3,2,9.082,13.576,1.766,0.908,3.266
Riverside CA,6,4,2,9.128,13.597,1.776,0.908,3.716
Riverside CA,6,5,2,9.169,13.621,1.784,0.908,4.261
Riverside CA,6,6,2,9.142,13.738,1.781,0.906,4.833
Salt Lake UT,2,2,2,2.612,3.453,0.661,0.951,1.8
Salt Lake UT,2,3,2,2.58,3.392,0.653,0.953,1.949
Salt Lake UT,2,4,2,2.582,3.391,0.654,0.953,2.155
Salt Lake UT,2,5,2,2.591,3.397,0.656,0.953,2.299
Salt Lake UT,2,6,2,2.606,3.408,0.659,0.953,2.499
Salt Lake UT,3,2,2,2.625,3.451,0.664,0.951,1.982
Salt Lake UT,3,3,2,2.587,3.387,0.655,0.953,2.003
Salt Lake UT,3,4,2,2.599,3.398,0.658,0.953,2.387
Salt Lake UT,3,5,2,2.612,3.409,0.661,0.953,2.643
Salt Lake UT,3,6,2,2.625,3.421,0.664,0.952,2.863
Salt Lake UT,4,2,2,2.614,3.432,0.661,0.952,2.147
Salt Lake UT,4,3,2,2.565,3.359,0.649,0.954,2.413
Salt Lake UT,4,4,2,2.591,3.387,0.655,0.953,2.711
Salt Lake UT,4,5,2,2.613,3.407,0.661,0.953,2.956
Salt Lake UT,4,6,2,2.63,3.425,0.665,0.952,3.244
Salt Lake UT,5,2,2,2.616,3.43,0.661,0.952,2.343
Salt Lake UT,5,3,2,2.567,3.358,0.649,0.954,2.621
Salt Lake UT,5,4,2,2.596,3.394,0.656,0.953,2.95
Salt Lake UT,5,5,2,2.616,3.409,0.661,0.953,3.372
Salt Lake UT,5,6,2,2.639,3.43,0.667,0.952,3.732
Salt Lake UT,6,2,2,2.564,3.354,0.648,0.954,2.5
Salt Lake UT,6,3,2,2.542,3.325,0.643,0.955,2.89
Salt Lake UT,6,4,2,2.571,3.37,0.651,0.954,3.264
Salt Lake UT,6,5,2,2.588,3.383,0.655,0.953,3.726
Salt Lake UT,6,6,2,2.617,3.4,0.662,0.953,4.234
King WA,7,2,2,6.837,9.958,1.241,0.935,2.863
King WA,7,2,3,6.772,9.893,1.229,0.936,2.938
King WA,7,2,4,6.693,9.795,1.214,0.937,3.442
King WA,7,2,5,6.347,9.502,1.148,0.941,3.823
King WA,7,2,6,6.339,9.489,1.146,0.941,4.543
King WA,7,2,7,6.322,9.478,1.143,0.941,5.118
King WA,7,2,8,6.311,9.467,1.141,0.941,5.769
King WA,7,2,9,6.31,9.467,1.141,0.941,6.424
King WA,7,2,10,6.31,9.467,1.14,0.941,7.172
King WA,7,2,11,6.307,9.464,1.14,0.941,7.997
King WA,7,2,12,6.299,9.456,1.139,0.942,8.946
King WA,7,3,2,6.978,10.086,1.268,0.934,2.962
King WA,7,3,3,6.905,10.016,1.254,0.934,3.547
King WA,7,3,4,6.846,9.92,1.243,0.936,4.15
King WA,7,3,5,6.505,9.624,1.178,0.94,4.793
King WA,7,3,6,6.493,9.611,1.175,0.94,5.429
King WA,7,3,7,6.473,9.6,1.172,0.94,6.133
King WA,7,3,8,6.465,9.59,1.17,0.94,6.955
King WA,7,3,9,6.465,9.59,1.17,0.94,7.785
King WA,7,3,10,6.459,9.589,1.169,0.94,8.826
King WA,7,3,11,6.457,9.587,1.168,0.94,9.847
King WA,7,3,12,6.449,9.579,1.167,0.94,10.737
King WA,7,4,2,7.098,10.219,1.289,0.932,3.506
King WA,7,4,3,7.059,10.146,1.281,0.933,4.154
King WA,7,4,4,6.974,10.046,1.265,0.934,4.824
King WA,7,4,5,6.637,9.756,1.201,0.938,5.595
King WA,7,4,6,6.63,9.743,1.2,0.938,6.361
King WA,7,4,7,6.615,9.732,1.197,0.938,7.281
King WA,7,4,8,6.6,9.721,1.194,0.938,8.282
King WA,7,4,9,6.597,9.721,1.194,0.938,9.437
King WA,7,4,10,6.596,9.721,1.194,0.938,10.411
King WA,7,4,11,6.592,9.718,1.193,0.938,11.573
King WA,7,4,12,6.587,9.71,1.192,0.938,12.838
King WA,7,5,2,7.322,10.446,1.328,0.929,4.539
King WA,7,5,3,7.26,10.374,1.317,0.93,5.334
King WA,7,5,4,7.185,10.283,1.303,0.931,6.266
King WA,7,5,5,6.848,10.002,1.239,0.935,7.172
King WA,7,5,6,6.838,9.987,1.237,0.935,8.334
King WA,7,5,7,6.829,9.977,1.235,0.935,9.662
King WA,7,5,8,6.813,9.968,1.232,0.935,10.983
King WA,7,5,9,6.811,9.967,1.232,0.935,12.247
King WA,7,5,10,6.812,9.967,1.232,0.935,13.709
King WA,7,5,11,6.807,9.965,1.231,0.935,15.286
King WA,7,5,12,6.805,9.957,1.231,0.935,17.156
King WA,7,6,2,7.265,10.442,1.319,0.929,5.147
King WA,7,6,3,7.223,10.396,1.311,0.929,6.077
King WA,7,6,4,7.154,10.3,1.298,0.931,7.095
King WA,7,6,5,6.83,10.027,1.237,0.934,8.342
King WA,7,6,6,6.822,10.016,1.235,0.934,9.757
King WA,7,6,7,6.816,10.006,1.234,0.935,11.117
King WA,7,6,8,6.807,9.997,1.232,0.935,12.515
King WA,7,6,9,6.805,9.996,1.232,0.935,14.1
King WA,7,6,10,6.803,9.996,1.232,0.935,16.001
King WA,7,6,11,6.798,9.994,1.231,0.935,18.083
King WA,7,6,12,6.793,9.986,1.23,0.935,21.131
Los Angeles CA,7,2,2,38.53,49.265,2.116,0.921,2.991
Los Angeles CA,7,2,3,38.099,48.983,2.091,0.922,3.439
Los Angeles CA,7,2,4,37.85,48.775,2.076,0.923,3.997
Los Angeles CA,7,2,5,37.558,48.484,2.06,0.924,4.643
Los Angeles CA,7,2,6,37.506,48.457,2.057,0.924,5.226
Los Angeles CA,7,2,7,37.503,48.436,2.056,0.924,5.869
Los Angeles CA,7,2,8,37.481,48.42,2.055,0.924,6.59
Los Angeles CA,7,2,9,37.485,48.417,2.055,0.924,7.34
Los Angeles CA,7,2,10,37.481,48.408,2.055,0.924,8.171
Los Angeles CA,7,2,11,37.481,48.405,2.055,0.924,9.148
Los Angeles CA,7,2,12,37.473,48.396,2.055,0.924,10.176
Los Angeles CA,7,3,2,38.813,49.479,2.135,0.921,3.43
Los Angeles CA,7,3,3,38.41,49.22,2.11,0.921,4.11
Los Angeles CA,7,3,4,38.232,49.022,2.099,0.922,4.747
Los Angeles CA,7,3,5,37.86,48.728,2.078,0.923,5.446
Los Angeles CA,7,3,6,37.8,48.705,2.075,0.923,6.2
Los Angeles CA,7,3,7,37.784,48.686,2.074,0.923,6.975
Los Angeles CA,7,3,8,37.791,48.668,2.074,0.923,7.874
Los Angeles CA,7,3,9,37.795,48.664,2.074,0.923,8.886
Los Angeles CA,7,3,10,37.791,48.655,2.074,0.923,10.025
Los Angeles CA,7,3,11,37.791,48.651,2.074,0.923,11.109
Los Angeles CA,7,3,12,37.784,48.643,2.074,0.923,12.189
Los Angeles CA,7,4,2,38.974,49.608,2.144,0.92,4.008
Los Angeles CA,7,4,3,38.61,49.336,2.122,0.921,4.739
Los Angeles CA,7,4,4,38.4,49.141,2.109,0.922,5.527
Los Angeles CA,7,4,5,37.988,48.851,2.086,0.923,6.386
Los Angeles CA,7,4,6,37.925,48.829,2.083,0.923,7.225
Los Angeles CA,7,4,7,37.902,48.809,2.081,0.923,8.225
Los Angeles CA,7,4,8,37.921,48.787,2.083,0.923,9.404
Los Angeles CA,7,4,9,37.927,48.784,2.083,0.923,10.605
Los Angeles CA,7,4,10,37.923,48.774,2.083,0.923,11.773
Los Angeles CA,7,4,11,37.921,48.77,2.082,0.923,13.117
Los Angeles CA,7,4,12,37.916,48.762,2.082,0.923,14.434
Los Angeles CA,7,5,2,39.554,50.295,2.176,0.918,4.648
Los Angeles CA,7,5,3,39.186,49.994,2.154,0.919,5.459
Los Angeles CA,7,5,4,38.915,49.818,2.137,0.92,6.341
Los Angeles CA,7,5,5,38.591,49.533,2.119,0.92,7.296
Los Angeles CA,7,5,6,38.543,49.512,2.117,0.92,8.447
Los Angeles CA,7,5,7,38.527,49.494,2.116,0.921,9.726
Los Angeles CA,7,5,8,38.505,49.47,2.114,0.921,11.046
Los Angeles CA,7,5,9,38.505,49.467,2.114,0.921,12.38
Los Angeles CA,7,5,10,38.509,49.457,2.115,0.921,13.768
Los Angeles CA,7,5,11,38.504,49.454,2.114,0.921,15.22
Los Angeles CA,7,5,12,38.495,49.445,2.114,0.921,17.431
Los Angeles CA,7,6,2,39.223,50.404,2.154,0.918,5.256
Los Angeles CA,7,6,3,38.742,49.976,2.125,0.919,6.176
Los Angeles CA,7,6,4,38.48,49.757,2.108,0.92,7.202
Los Angeles CA,7,6,5,38.13,49.493,2.089,0.921,8.397
Los Angeles CA,7,6,6,38.084,49.462,2.086,0.921,9.848
Los Angeles CA,7,6,7,38.079,49.448,2.086,0.921,11.294
Los Angeles CA,7,6,8,38.092,49.423,2.087,0.921,12.708
Los Angeles CA,7,6,9,38.094,49.42,2.087,0.921,14.222
Los Angeles CA,7,6,10,38.088,49.409,2.086,0.921,16.231
Los Angeles CA,7,6,11,38.087,49.406,2.086,0.921,18.874
Los Angeles CA,7,6,12,38.076,49.397,2.086,0.921,21.372
Maricopa AZ,7,2,2,20.958,30.788,1.882,0.963,3.041
Maricopa AZ,7,2,3,20.729,30.381,1.858,0.964,3.546
Maricopa AZ,7,2,4,20.364,30.134,1.823,0.965,4.066
Maricopa AZ,7,2,5,19.913,29.755,1.779,0.966,4.708
Maricopa AZ,7,2,6,19.9,29.653,1.778,0.966,5.331
Maricopa AZ,7,2,7,19.903,29.628,1.778,0.966,5.975
Maricopa AZ,7,2,8,19.872,29.586,1.776,0.966,6.673
Maricopa AZ,7,2,9,19.872,29.582,1.776,0.966,7.453
Maricopa AZ,7,2,10,19.856,29.575,1.774,0.966,8.306
Maricopa AZ,7,2,11,19.849,29.571,1.774,0.966,9.251
Maricopa AZ,7,2,12,19.849,29.57,1.774,0.966,10.22
Maricopa AZ,7,3,2,21.756,32.06,1.95,0.96,3.503
Maricopa AZ,7,3,3,21.457,31.64,1.921,0.961,4.153
Maricopa AZ,7,3,4,21.129,31.397,1.889,0.962,4.85
Maricopa AZ,7,3,5,20.723,31.032,1.85,0.962,5.556
Maricopa AZ,7,3,6,20.69,30.939,1.847,0.963,6.239
Maricopa AZ,7,3,7,20.69,30.918,1.847,0.963,7.064
Maricopa AZ,7,3,8,20.67,30.879,1.845,0.963,7.981
Maricopa AZ,7,3,9,20.673,30.876,1.846,0.963,8.979
Maricopa AZ,7,3,10,20.654,30.87,1.844,0.963,10.102
Maricopa AZ,7,3,11,20.654,30.867,1.844,0.963,11.238
Maricopa AZ,7,3,12,20.654,30.867,1.844,0.963,12.316
Maricopa AZ,7,4,2,21.824,32.401,1.957,0.959,4.092
Maricopa AZ,7,4,3,21.513,31.985,1.927,0.96,4.838
Maricopa AZ,7,4,4,21.234,31.757,1.9,0.961,5.563
Maricopa AZ,7,4,5,20.814,31.389,1.859,0.962,6.441
Maricopa AZ,7,4,6,20.809,31.304,1.859,0.962,7.373
Maricopa AZ,7,4,7,20.818,31.281,1.86,0.962,8.337
Maricopa AZ,7,4,8,20.771,31.243,1.856,0.962,9.529
Maricopa AZ,7,4,9,20.773,31.241,1.856,0.962,10.712
Maricopa AZ,7,4,10,20.776,31.236,1.856,0.962,11.922
Maricopa AZ,7,4,11,20.774,31.232,1.856,0.962,13.216
Maricopa AZ,7,4,12,20.771,31.231,1.856,0.962,14.482
Maricopa AZ,7,5,2,22.181,32.827,1.988,0.958,4.735
Maricopa AZ,7,5,3,21.969,32.449,1.967,0.959,5.533
Maricopa AZ,7,5,4,21.751,32.245,1.946,0.96,6.454
Maricopa AZ,7,5,5,21.302,31.884,1.902,0.96,7.386
Maricopa AZ,7,5,6,21.302,31.798,1.903,0.961,8.517
Maricopa AZ,7,5,7,21.282,31.772,1.901,0.961,9.833
Maricopa AZ,7,5,8,21.253,31.731,1.899,0.961,11.184
Maricopa AZ,7,5,9,21.252,31.729,1.898,0.961,12.461
Maricopa AZ,7,5,10,21.249,31.724,1.898,0.961,13.914
Maricopa AZ,7,5,11,21.249,31.721,1.898,0.961,15.323
Maricopa AZ,7,5,12,21.247,31.72,1.898,0.961,17.423
Maricopa AZ,7,6,2,22.07,32.579,1.981,0.959,4.786
Maricopa AZ,7,6,3,21.839,32.202,1.96,0.96,5.616
Maricopa AZ,7,6,4,21.591,32.017,1.936,0.96,6.589
Maricopa AZ,7,6,5,21.172,31.675,1.894,0.961,7.63
Maricopa AZ,7,6,6,21.149,31.575,1.893,0.961,8.831
Maricopa AZ,7,6,7,21.151,31.55,1.893,0.961,10.176
Maricopa AZ,7,6,8,21.116,31.508,1.89,0.961,11.392
Maricopa AZ,7,6,9,21.12,31.505,1.89,0.961,12.805
Maricopa AZ,7,6,10,21.115,31.501,1.89,0.961,14.45
Maricopa AZ,7,6,11,21.112,31.498,1.89,0.961,16.489
Maricopa AZ,7,6,12,21.112,31.497,1.89,0.961,18.896
Orange CA,7,2,2,7.217,9.617,0.621,0.955,2.683
Orange CA,7,2,3,7.009,9.45,0.602,0.957,3.073
Orange CA,7,2,4,6.976,9.47,0.599,0.957,3.574
Orange CA,7,2,5,6.795,9.327,0.583,0.958,4.18
Orange CA,7,2,6,6.781,9.309,0.582,0.958,4.696
Orange CA,7,2,7,6.77,9.302,0.581,0.958,5.256
Orange CA,7,2,8,6.755,9.283,0.58,0.958,5.911
Orange CA,7,2,9,6.751,9.284,0.58,0.958,6.559
Orange CA,7,2,10,6.751,9.283,0.58,0.958,7.339
Orange CA,7,2,11,6.752,9.281,0.58,0.958,8.209
Orange CA,7,2,12,6.751,9.28,0.58,0.958,9.079
Orange CA,7,3,2,7.243,9.627,0.623,0.955,3.054
Orange CA,7,3,3,7.055,9.464,0.606,0.957,3.332
Orange CA,7,3,4,7.011,9.489,0.602,0.956,4.204
Orange CA,7,3,5,6.836,9.347,0.587,0.958,4.853
Orange CA,7,3,6,6.829,9.329,0.586,0.958,5.502
Orange CA,7,3,7,6.816,9.323,0.585,0.958,6.275
Orange CA,7,3,8,6.801,9.304,0.584,0.958,7.082
Orange CA,7,3,9,6.795,9.305,0.583,0.958,7.943
Orange CA,7,3,10,6.792,9.304,0.583,0.958,8.975
Orange CA,7,3,11,6.794,9.303,0.583,0.958,10.141
Orange CA,7,3,12,6.792,9.302,0.583,0.958,10.79
Orange CA,7,4,2,7.317,9.702,0.63,0.954,3.631
Orange CA,7,4,3,7.129,9.536,0.613,0.956,4.232
Orange CA,7,4,4,7.08,9.559,0.608,0.956,4.899
Orange CA,7,4,5,6.904,9.418,0.593,0.957,5.719
Orange CA,7,4,6,6.903,9.4,0.593,0.957,6.449
Orange CA,7,4,7,6.892,9.394,0.592,0.957,7.373
Orange CA,7,4,8,6.881,9.375,0.591,0.957,8.363
Orange CA,7,4,9,6.879,9.376,0.591,0.957,9.525
Orange CA,7,4,10,6.877,9.375,0.59,0.957,10.515
Orange CA,7,4,11,6.877,9.374,0.59,0.958,11.66
Orange CA,7,4,12,6.877,9.373,0.59,0.958,12.872
Orange CA,7,5,2,7.355,9.803,0.633,0.954,4.156
Orange CA,7,5,3,7.177,9.638,0.616,0.955,4.871
Orange CA,7,5,4,7.116,9.651,0.611,0.955,5.706
Orange CA,7,5,5,6.942,9.514,0.596,0.956,6.525
Orange CA,7,5,6,6.938,9.496,0.595,0.956,7.58
Orange CA,7,5,7,6.921,9.49,0.594,0.956,8.718
Orange CA,7,5,8,6.909,9.471,0.593,0.957,9.864
Orange CA,7,5,9,6.91,9.472,0.593,0.957,10.998
Orange CA,7,5,10,6.908,9.471,0.593,0.957,12.286
Orange CA,7,5,11,6.908,9.47,0.592,0.957,13.597
Orange CA,7,5,12,6.908,9.469,0.592,0.957,15.342
Orange CA,7,6,2,7.298,9.759,0.628,0.954,4.716
Orange CA,7,6,3,7.16,9.6,0.615,0.955,5.562
Orange CA,7,6,4,7.092,9.612,0.608,0.955,6.479
Orange CA,7,6,5,6.92,9.474,0.594,0.957,7.61
Orange CA,7,6,6,6.903,9.458,0.592,0.957,8.796
Orange CA,7,6,7,6.892,9.45,0.591,0.957,10.055
Orange CA,7,6,8,6.876,9.433,0.59,0.957,11.357
Orange CA,7,6,9,6.876,9.433,0.59,0.957,12.658
Orange CA,7,6,10,6.875,9.432,0.59,0.957,14.366
Orange CA,7,6,11,6.873,9.431,0.589,0.957,16.323
Orange CA,7,6,12,6.873,9.43,0.589,0.957,18.837
Riverside CA,7,2,2,8.83,13.109,1.72,0.915,3.086
Riverside CA,7,2,3,8.736,13.019,1.7,0.916,3.584
Riverside CA,7,2,4,8.696,12.968,1.692,0.916,4.153
Riverside CA,7,2,5,8.626,12.927,1.678,0.917,4.744
Riverside CA,7,2,6,8.618,12.91,1.677,0.917,5.395
Riverside CA,7,2,7,8.61,12.907,1.675,0.917,6.029
Riverside CA,7,2,8,8.601,12.894,1.673,0.917,6.755
Riverside CA,7,2,9,8.598,12.894,1.673,0.917,7.503
Riverside CA,7,2,10,8.598,12.894,1.673,0.917,8.413
Riverside CA,7,2,11,8.594,12.892,1.672,0.917,9.338
Riverside CA,7,2,12,8.594,12.892,1.672,0.917,10.305
Riverside CA,7,3,2,8.801,12.983,1.717,0.916,3.133
Riverside CA,7,3,3,8.717,12.896,1.699,0.917,4.181
Riverside CA,7,3,4,8.682,12.845,1.692,0.918,4.907
Riverside CA,7,3,5,8.612,12.804,1.678,0.919,5.607
Riverside CA,7,3,6,8.604,12.787,1.676,0.919,6.312
Riverside CA,7,3,7,8.599,12.784,1.675,0.919,7.067
Riverside CA,7,3,8,8.592,12.771,1.674,0.919,8.033
Riverside CA,7,3,9,8.59,12.772,1.673,0.919,9.074
Riverside CA,7,3,10,8.587,12.771,1.673,0.919,10.189
Riverside CA,7,3,11,8.582,12.77,1.672,0.919,11.299
Riverside CA,7,3,12,8.582,12.769,1.672,0.919,12.399
Riverside CA,7,4,2,8.871,13.037,1.73,0.916,3.691
Riverside CA,7,4,3,8.763,12.95,1.708,0.917,4.393
Riverside CA,7,4,4,8.729,12.896,1.701,0.917,5.073
Riverside CA,7,4,5,8.67,12.855,1.689,0.918,5.82
Riverside CA,7,4,6,8.658,12.838,1.687,0.918,6.609
Riverside CA,7,4,7,8.648,12.834,1.685,0.918,7.57
Riverside CA,7,4,8,8.641,12.822,1.683,0.918,8.568
Riverside CA,7,4,9,8.639,12.822,1.683,0.918,9.686
Riverside CA,7,4,10,8.637,12.822,1.682,0.918,10.709
Riverside CA,7,4,11,8.634,12.82,1.682,0.918,11.916
Riverside CA,7,4,12,8.634,12.82,1.682,0.918,13.103
Riverside CA,7,5,2,8.974,13.11,1.751,0.915,4.745
Riverside CA,7,5,3,8.848,13.026,1.724,0.916,5.62
Riverside CA,7,5,4,8.808,12.97,1.717,0.916,6.512
Riverside CA,7,5,5,8.749,12.932,1.704,0.917,7.466
Riverside CA,7,5,6,8.737,12.913,1.702,0.917,8.627
Riverside CA,7,5,7,8.726,12.91,1.7,0.917,9.886
Riverside CA,7,5,8,8.722,12.897,1.699,0.917,11.231
Riverside CA,7,5,9,8.719,12.897,1.699,0.917,12.6
Riverside CA,7,5,10,8.716,12.897,1.698,0.917,14.02
Riverside CA,7,5,11,8.71,12.896,1.697,0.917,15.374
Riverside CA,7,5,12,8.711,12.895,1.697,0.917,17.612
Riverside CA,7,6,2,8.928,13.218,1.742,0.913,5.392
Riverside CA,7,6,3,8.789,13.126,1.713,0.914,6.351
Riverside CA,7,6,4,8.745,13.072,1.705,0.915,7.405
Riverside CA,7,6,5,8.683,13.032,1.692,0.916,8.606
Riverside CA,7,6,6,8.665,13.015,1.688,0.916,10.033
Riverside CA,7,6,7,8.651,13.01,1.686,0.916,11.671
Riverside CA,7,6,8,8.644,13.0,1.684,0.916,12.863
Riverside CA,7,6,9,8.639,12.999,1.683,0.916,14.49
Riverside CA,7,6,10,8.638,12.999,1.683,0.916,16.335
Riverside CA,7,6,11,8.632,12.997,1.682,0.916,18.656
Riverside CA,7,6,12,8.633,12.996,1.682,0.916,21.326
Salt Lake UT,7,2,2,2.568,3.34,0.65,0.955,2.697
Salt Lake UT,7,2,3,2.434,3.194,0.615,0.958,3.119
Salt Lake UT,7,2,4,2.364,3.127,0.596,0.96,3.615
Salt Lake UT,7,2,5,2.302,3.059,0.581,0.962,4.179
Salt Lake UT,7,2,6,2.29,3.048,0.578,0.962,4.693
Salt Lake UT,7,2,7,2.277,3.037,0.574,0.962,5.28
Salt Lake UT,7,2,8,2.272,3.032,0.573,0.963,5.919
Salt Lake UT,7,2,9,2.269,3.032,0.572,0.963,6.552
Salt Lake UT,7,2,10,2.268,3.031,0.572,0.963,7.365
Salt Lake UT,7,2,11,2.267,3.031,0.572,0.963,8.192
Salt Lake UT,7,2,12,2.267,3.031,0.572,0.963,9.071
Salt Lake UT,7,3,2,2.551,3.292,0.645,0.956,3.082
Salt Lake UT,7,3,3,2.407,3.148,0.608,0.96,3.674
Salt Lake UT,7,3,4,2.336,3.077,0.589,0.961,4.309
Salt Lake UT,7,3,5,2.269,3.008,0.572,0.963,4.906
Salt Lake UT,7,3,6,2.254,2.997,0.569,0.963,5.531
Salt Lake UT,7,3,7,2.242,2.986,0.566,0.964,6.31
Salt Lake UT,7,3,8,2.238,2.981,0.565,0.964,7.046
Salt Lake UT,7,3,9,2.236,2.981,0.564,0.964,7.981
Salt Lake UT,7,3,10,2.236,2.98,0.564,0.964,8.98
Salt Lake UT,7,3,11,2.236,2.98,0.564,0.964,9.93
Salt Lake UT,7,3,12,2.236,2.98,0.564,0.964,10.854
Salt Lake UT,7,4,2,2.58,3.337,0.653,0.955,3.619
Salt Lake UT,7,4,3,2.437,3.188,0.616,0.959,4.255
Salt Lake UT,7,4,4,2.362,3.119,0.596,0.96,4.93
Salt Lake UT,7,4,5,2.3,3.051,0.581,0.962,5.751
Salt Lake UT,7,4,6,2.286,3.04,0.577,0.962,6.467
Salt Lake UT,7,4,7,2.271,3.029,0.573,0.963,7.411
Salt Lake UT,7,4,8,2.268,3.024,0.572,0.963,8.435
Salt Lake UT,7,4,9,2.267,3.024,0.572,0.963,9.505
Salt Lake UT,7,4,10,2.266,3.023,0.572,0.963,10.484
Salt Lake UT,7,4,11,2.266,3.023,0.572,0.963,11.696
Salt Lake UT,7,4,12,2.266,3.023,0.572,0.963,13.027
Salt Lake UT,7,5,2,2.599,3.351,0.657,0.954,4.179
Salt Lake UT,7,5,3,2.454,3.203,0.62,0.958,4.878
Salt Lake UT,7,5,4,2.389,3.14,0.603,0.96,5.734
Salt Lake UT,7,5,5,2.319,3.07,0.585,0.962,6.557
Salt Lake UT,7,5,6,2.309,3.06,0.583,0.962,7.579
Salt Lake UT,7,5,7,2.297,3.049,0.58,0.962,8.764
Salt Lake UT,7,5,8,2.294,3.045,0.579,0.962,9.901
Salt Lake UT,7,5,9,2.292,3.044,0.578,0.962,11.034
Salt Lake UT,7,5,10,2.291,3.044,0.578,0.962,12.359
Salt Lake UT,7,5,11,2.291,3.044,0.578,0.962,13.557
Salt Lake UT,7,5,12,2.291,3.044,0.578,0.962,15.462
Salt Lake UT,7,6,2,2.628,3.374,0.665,0.954,4.707
Salt Lake UT,7,6,3,2.474,3.219,0.625,0.958,5.571
Salt Lake UT,7,6,4,2.42,3.166,0.611,0.959,6.488
Salt Lake UT,7,6,5,2.342,3.093,0.591,0.961,7.594
Salt Lake UT,7,6,6,2.334,3.084,0.589,0.961,8.827
Salt Lake UT,7,6,7,2.325,3.073,0.586,0.961,10.118
Salt Lake UT,7,6,8,2.322,3.068,0.586,0.962,11.331
Salt Lake UT,7,6,9,2.321,3.068,0.585,0.962,12.601
Salt Lake UT,7,6,10,2.319,3.067,0.585,0.962,15.725
Salt Lake UT,7,6,11,2.319,3.068,0.585,0.962,16.154
Salt Lake UT,7,6,12,2.318,3.068,0.585,0.962,18.621
