metric,county,yearly,weekly,daily,holdout,value,cutoff,min
mae,King WA,2,7,4,5w,7.297,7.407,7.054
mae,Los Angeles CA,2,2,2,3m,37.776,38.833,36.984
mae,Maricopa AZ,2,2,4,5d,16.341,16.399,15.618
mae,Orange CA,2,2,3,5d,6.683,6.782,6.459
mae,Riverside CA,4,2,2,5d,8.228,8.371,7.972
mae,Salt Lake UT,4,2,4,5w,2.242,2.26,2.152
mape,King WA,2,2,5,4w,1.321,1.325,1.262
mape,Los Angeles CA,2,2,2,3m,2.099,2.156,2.053
mape,Maricopa AZ,3,2,4,5d,1.49,1.496,1.425
mape,Orange CA,2,2,3,5d,0.573,0.58,0.552
mape,Riverside CA,4,2,2,5d,1.582,1.608,1.531
mape,Salt Lake UT,4,2,4,5w,0.569,0.573,0.546
rmse,King WA,2,2,2,5w,11.013,11.13,10.6
rmse,Los Angeles CA,2,2,2,3m,51.627,53.397,50.854
rmse,Maricopa AZ,2,2,3,5d,22.488,22.612,21.535
rmse,Orange CA,2,2,3,5d,9.219,9.437,8.988
rmse,Riverside CA,4,2,2,3m,12.901,13.308,12.674
rmse,Salt Lake UT,2,2,4,5w,2.962,2.964,2.823
